filename,true_class,n_detections,n_lesions,lesion_area,leaf_area,leaf_ratio,area_ratio,cnn_confidence,computed_severity,literature_severity,difference
blast_0,Crop___DIsease,2,2,1112200,202326,0.0732,1.0,1.0,1.0,0.0,1.0
blast_1,Crop___DIsease,2,2,366412,179477,0.0649,1.0,1.0,1.0,0.0,1.0
blast_10,Crop___DIsease,3,3,754896,137484,0.0497,1.0,1.0,1.0,0.0,1.0
blast_11,Crop___DIsease,2,2,432585,241050,0.0872,1.0,1.0,1.0,0.0,1.0
blast_12,Crop___DIsease,2,2,649969,203258,0.0735,1.0,1.0,1.0,0.0,1.0
blast_13,Crop___DIsease,1,1,547883,328965,0.119,1.0,1.0,1.0,0.0,1.0
blast_14,Crop___DIsease,2,2,787744,221333,0.0801,1.0,1.0,1.0,0.0,1.0
blast_15,Crop___DIsease,2,2,813861,229428,0.083,1.0,1.0,1.0,0.0,1.0
blast_16,Crop___DIsease,2,2,676488,181246,0.0656,1.0,1.0,1.0,0.0,1.0
blast_17,Crop___DIsease,2,2,387100,247387,0.0895,1.0,1.0,1.0,0.0,1.0
blast_18,Crop___DIsease,3,3,695836,159937,0.0578,1.0,1.0,1.0,0.0,1.0
blast_19,Crop___DIsease,2,2,505579,67904,0.0246,1.0,1.0,1.0,0.0,1.0
blast_2,Crop___DIsease,3,3,526986,322159,0.1165,1.0,1.0,1.0,0.0,1.0
blast_20,Crop___DIsease,2,2,402933,205374,0.0743,1.0,1.0,1.0,0.0,1.0
blast_21,Crop___DIsease,2,2,571540,134507,0.0486,1.0,1.0,1.0,0.0,1.0
blast_22,Crop___DIsease,2,2,367419,208665,0.065,1.0,1.0,1.0,0.0,1.0
blast_23,Crop___DIsease,2,2,732487,110551,0.0378,1.0,1.0,1.0,0.0,1.0
blast_24,Crop___DIsease,2,2,777082,219497,0.0794,1.0,1.0,1.0,0.0,1.0
blast_25,Crop___DIsease,2,2,893602,211603,0.0765,1.0,1.0,1.0,0.0,1.0
blast_26,Crop___DIsease,2,2,282391,183964,0.0665,1.0,1.0,1.0,0.0,1.0
blast_27,Crop___DIsease,2,2,297087,204163,0.0738,1.0,1.0,1.0,0.0,1.0
blast_28,Crop___DIsease,1,1,580944,201972,0.0731,1.0,1.0,1.0,0.0,1.0
blast_29,Crop___DIsease,3,3,964583,185581,0.0671,1.0,1.0,1.0,0.0,1.0
blast_3,Crop___DIsease,2,2,1168611,281617,0.1019,1.0,1.0,1.0,0.0,1.0
blast_30,Crop___DIsease,2,2,787797,86682,0.0304,1.0,1.0,1.0,0.0,1.0
blast_31,Crop___DIsease,2,2,376719,151176,0.0585,1.0,1.0,1.0,0.0,1.0
blast_32,Crop___DIsease,2,2,280618,189176,0.0684,1.0,1.0,1.0,0.0,1.0
blast_33,Crop___DIsease,3,3,280078,195126,0.0698,1.0,1.0,1.0,0.0,1.0
blast_34,Crop___DIsease,2,2,334588,201353,0.0728,1.0,1.0,1.0,0.0,1.0
blast_35,Crop___DIsease,2,2,767112,183604,0.0655,1.0,1.0,1.0,0.0,1.0
blast_36,Crop___DIsease,2,2,389210,187492,0.0678,1.0,1.0,1.0,0.0,1.0
blast_37,Crop___DIsease,3,3,525156,263316,0.0952,1.0,1.0,1.0,0.0,1.0
blast_38,Crop___DIsease,2,2,521118,135302,0.0489,1.0,1.0,1.0,0.0,1.0
blast_39,Crop___DIsease,2,2,855455,181968,0.0658,1.0,1.0,1.0,0.0,1.0
blast_4,Crop___DIsease,1,1,373425,273094,0.0988,1.0,1.0,1.0,0.0,1.0
blast_40,Crop___DIsease,2,2,718125,172242,0.0593,1.0,1.0,1.0,0.0,1.0
blast_41,Crop___DIsease,2,2,813449,224210,0.08,1.0,1.0,1.0,0.0,1.0
blast_42,Crop___DIsease,2,2,470255,120589,0.0407,1.0,1.0,1.0,0.0,1.0
blast_43,Crop___DIsease,2,2,1082186,116413,0.0421,1.0,1.0,1.0,0.0,1.0
blast_44,Crop___DIsease,1,1,338424,189467,0.0685,1.0,1.0,1.0,0.0,1.0
blast_45,Crop___DIsease,2,2,580032,153484,0.0555,1.0,1.0,1.0,0.0,1.0
blast_46,Crop___DIsease,2,2,697332,183233,0.0663,1.0,1.0,1.0,0.0,1.0
blast_47,Crop___DIsease,2,2,491996,194377,0.0724,1.0,1.0,1.0,0.0,1.0
blast_48,Crop___DIsease,2,2,509465,164784,0.0596,1.0,1.0,1.0,0.0,1.0
blast_49,Crop___DIsease,2,2,666245,173468,0.0627,1.0,1.0,1.0,0.0,1.0
blast_5,Crop___DIsease,2,2,352453,135972,0.0492,1.0,1.0,1.0,0.0,1.0
blast_50,Crop___DIsease,2,2,794974,166207,0.0601,1.0,1.0,1.0,0.0,1.0
blast_51,Crop___DIsease,2,2,878671,182533,0.066,1.0,1.0,1.0,0.0,1.0
blast_52,Crop___DIsease,2,2,586364,175107,0.0633,1.0,1.0,1.0,0.0,1.0
blast_53,Crop___DIsease,2,2,600930,125578,0.0454,1.0,1.0,1.0,0.0,1.0
blast_54,Crop___DIsease,2,2,795448,215943,0.0699,1.0,1.0,1.0,0.0,1.0
blast_55,Crop___DIsease,2,2,802830,135534,0.049,1.0,1.0,1.0,0.0,1.0
blast_56,Crop___DIsease,2,2,692604,139763,0.0506,1.0,1.0,1.0,0.0,1.0
blast_57,Crop___DIsease,2,2,697513,185688,0.0672,1.0,1.0,1.0,0.0,1.0
blast_58,Crop___DIsease,2,2,777304,158035,0.0566,1.0,1.0,1.0,0.0,1.0
blast_59,Crop___DIsease,2,2,616147,133678,0.0483,1.0,1.0,1.0,0.0,1.0
blast_6,Crop___DIsease,1,1,285335,163857,0.0593,1.0,1.0,1.0,0.0,1.0
blast_60,Crop___DIsease,2,2,738804,143410,0.0519,1.0,1.0,1.0,0.0,1.0
blast_61,Crop___DIsease,2,2,640351,182761,0.0661,1.0,1.0,1.0,0.0,1.0
blast_62,Crop___DIsease,3,3,1188543,130174,0.0471,1.0,1.0,1.0,0.0,1.0
blast_63,Crop___DIsease,2,2,527424,116700,0.0413,1.0,1.0,1.0,0.0,1.0
blast_64,Crop___DIsease,4,4,661538,93156,0.0337,1.0,1.0,1.0,0.0,1.0
blast_65,Crop___DIsease,2,2,273642,148701,0.0538,1.0,1.0,1.0,0.0,1.0
blast_66,Crop___DIsease,2,2,659705,229057,0.0836,1.0,1.0,1.0,0.0,1.0
blast_67,Crop___DIsease,1,1,277137,136189,0.0493,1.0,1.0,1.0,0.0,1.0
blast_68,Crop___DIsease,3,3,628870,209696,0.0758,1.0,1.0,1.0,0.0,1.0
blast_69,Crop___DIsease,2,2,709680,117564,0.0425,1.0,1.0,1.0,0.0,1.0
blast_7,Crop___DIsease,2,2,827246,233511,0.0845,1.0,1.0,1.0,0.0,1.0
blast_70,Crop___DIsease,2,2,984420,179567,0.0606,1.0,1.0,1.0,0.0,1.0
blast_71,Crop___DIsease,2,2,481464,137669,0.0513,1.0,1.0,1.0,0.0,1.0
blast_72,Crop___DIsease,2,2,318660,136288,0.0506,1.0,1.0,1.0,0.0,1.0
blast_73,Crop___DIsease,2,2,402834,230562,0.0881,1.0,1.0,1.0,0.0,1.0
blast_74,Crop___DIsease,3,3,362893,226355,0.0883,1.0,1.0,1.0,0.0,1.0
blast_75,Crop___DIsease,2,2,1138062,117570,0.0409,1.0,1.0,1.0,0.0,1.0
blast_76,Crop___DIsease,3,3,607826,183635,0.0664,1.0,1.0,1.0,0.0,1.0
blast_77,Crop___DIsease,2,2,601019,133388,0.0493,1.0,1.0,1.0,0.0,1.0
blast_78,Crop___DIsease,2,2,413618,126388,0.0457,1.0,1.0,1.0,0.0,1.0
blast_79,Crop___DIsease,2,2,227080,134227,0.0485,1.0,1.0,1.0,0.0,1.0
blast_8,Crop___DIsease,2,2,571378,132508,0.0486,1.0,1.0,1.0,0.0,1.0
blast_9,Crop___DIsease,2,2,1165100,234626,0.0849,1.0,1.0,1.0,0.0,1.0
Brown_rust732,Crop___DIsease,1,1,76563,57935,0.7472,1.0,1.0,1.0,0.0,1.0
Brown_rust733,Crop___DIsease,1,1,84400,71850,0.8389,1.0,1.0,1.0,0.0,1.0
Brown_rust734,Crop___DIsease,1,1,45475,23412,0.5089,1.0,1.0,1.0,0.0,1.0
Brown_rust735,Crop___DIsease,2,2,54120,19707,0.7109,1.0,1.0,1.0,0.0,1.0
Brown_rust736,Crop___DIsease,1,1,189406,163650,0.8434,1.0,1.0,1.0,0.0,1.0
Brown_rust737,Crop___DIsease,1,1,124300,103617,0.8336,1.0,1.0,1.0,0.0,1.0
Brown_rust738,Crop___DIsease,1,1,63840,49858,0.6183,1.0,1.0,1.0,0.0,1.0
Brown_rust740,Crop___DIsease,1,1,51728,38638,0.7469,1.0,1.0,1.0,0.0,1.0
Brown_rust741,Crop___DIsease,2,2,67162,27421,0.7414,1.0,1.0,1.0,0.0,1.0
Brown_rust743,Crop___DIsease,1,1,2754,535,0.1873,1.0,1.0,1.0,0.0,1.0
Brown_rust744,Crop___DIsease,1,1,70720,49141,0.6949,1.0,1.0,1.0,0.0,1.0
Brown_rust746,Crop___DIsease,1,1,37524,26599,0.6693,1.0,1.0,1.0,0.0,1.0
Brown_rust747,Crop___DIsease,1,1,80883,65370,0.8018,1.0,1.0,1.0,0.0,1.0
Brown_rust748,Crop___DIsease,1,1,139376,112903,0.7951,1.0,1.0,1.0,0.0,1.0
Brown_rust749,Crop___DIsease,1,1,98283,29007,0.293,1.0,1.0,1.0,0.0,1.0
Brown_rust750,Crop___DIsease,2,2,92070,37031,0.7734,1.0,1.0,1.0,0.0,1.0
Brown_rust751,Crop___DIsease,1,1,8432,5460,0.6116,1.0,1.0,1.0,0.0,1.0
Brown_rust752,Crop___DIsease,1,1,6480,1397,0.2156,1.0,1.0,1.0,0.0,1.0
Brown_rust756,Crop___DIsease,1,1,131805,50036,0.3775,1.0,1.0,1.0,0.0,1.0
Brown_rust759,Crop___DIsease,1,1,101536,8700,0.0857,1.0,1.0,1.0,0.0,1.0
Brown_rust762,Crop___DIsease,1,1,288610,228062,0.7618,1.0,1.0,1.0,0.0,1.0
Brown_rust763,Crop___DIsease,1,1,27936,25342,0.9071,1.0,1.0,1.0,0.0,1.0
Brown_rust764,Crop___DIsease,1,1,55890,54626,0.6945,1.0,1.0,1.0,0.0,1.0
Brown_rust765,Crop___DIsease,2,2,1253005,346399,0.4935,1.0,1.0,1.0,0.0,1.0
Brown_rust766,Crop___DIsease,1,1,282730,211687,0.7348,1.0,1.0,1.0,0.0,1.0
Brown_rust767,Crop___DIsease,2,2,535343,170400,0.6138,1.0,1.0,1.0,0.0,1.0
Brown_rust770,Crop___DIsease,1,1,219842,162154,0.6668,1.0,1.0,1.0,0.0,1.0
Brown_rust773,Crop___DIsease,1,1,105963,110218,0.8798,0.9614,1.0,0.9613946905224192,0.0,0.9614
Brown_rust774,Crop___DIsease,1,1,91460,59668,0.6462,1.0,1.0,1.0,0.0,1.0
Brown_rust775,Crop___DIsease,2,2,131815,59373,0.8377,1.0,1.0,1.0,0.0,1.0
Brown_rust776,Crop___DIsease,1,1,393118,324640,0.799,1.0,1.0,1.0,0.0,1.0
Brown_rust778,Crop___DIsease,1,1,138996,163518,0.721,0.85,1.0,0.8500348585476828,0.0,0.85
Brown_rust779,Crop___DIsease,1,1,212058,171723,0.8098,1.0,1.0,1.0,0.0,1.0
Brown_rust780,Crop___DIsease,1,1,32148,17143,0.5304,1.0,1.0,1.0,0.0,1.0
Brown_rust783,Crop___DIsease,1,1,145743,115136,0.7742,1.0,1.0,1.0,0.0,1.0
Brown_rust785,Crop___DIsease,1,1,191614,233675,0.6102,0.82,1.0,0.8200021397239756,0.0,0.82
Brown_rust786,Crop___DIsease,1,1,90909,45377,0.4991,1.0,1.0,1.0,0.0,1.0
Brown_rust787,Crop___DIsease,1,1,34371,13924,0.4051,1.0,1.0,1.0,0.0,1.0
Brown_rust788,Crop___DIsease,1,1,1665388,1674681,0.9701,0.9945,1.0,0.99445088348169,0.0,0.9945
Brown_rust789,Crop___DIsease,2,2,2482034,2376510,0.9346,1.0,1.0,1.0,0.0,1.0
Brown_rust790,Crop___DIsease,2,2,3130452,1758813,0.9157,1.0,1.0,1.0,0.0,1.0
Brown_rust791,Crop___DIsease,1,1,1529728,1529059,0.9639,1.0,1.0,1.0,0.0,1.0
Brown_rust792,Crop___DIsease,1,1,602280,462238,0.628,1.0,1.0,1.0,0.0,1.0
Brown_rust793,Crop___DIsease,2,2,1195922,1176089,0.9646,1.0,1.0,1.0,0.0,1.0
Brown_rust794,Crop___DIsease,1,1,7310,5793,0.7484,1.0,1.0,1.0,0.0,1.0
Brown_rust795,Crop___DIsease,1,1,1020,1286,0.6776,0.7932,1.0,0.7931570762052877,0.0,0.7932
Brown_rust796,Crop___DIsease,2,2,5146,2456,0.6629,1.0,1.0,1.0,0.0,1.0
Brown_rust797,Crop___DIsease,2,2,57038,25409,0.8857,1.0,1.0,1.0,0.0,1.0
Brown_rust798,Crop___DIsease,1,1,5247,3100,0.5908,1.0,1.0,1.0,0.0,1.0
Brown_rust799,Crop___DIsease,1,1,17316,11540,0.6622,1.0,1.0,1.0,0.0,1.0
Brown_rust800,Crop___DIsease,1,1,11466,7942,0.6927,1.0,1.0,1.0,0.0,1.0
Brown_rust801,Crop___DIsease,1,1,4590,3532,0.5856,1.0,1.0,1.0,0.0,1.0
Brown_rust802,Crop___DIsease,1,1,19716,16481,0.8359,1.0,1.0,1.0,0.0,1.0
Brown_rust803,Crop___DIsease,1,1,65175,55928,0.8581,1.0,1.0,1.0,0.0,1.0
Brown_rust804,Crop___DIsease,2,2,49922,20990,0.8334,1.0,1.0,1.0,0.0,1.0
Brown_rust805,Crop___DIsease,1,1,17028,14000,0.6808,1.0,1.0,1.0,0.0,1.0
Brown_rust806,Crop___DIsease,1,1,30954,22724,0.7132,1.0,1.0,1.0,0.0,1.0
Brown_rust807,Crop___DIsease,1,1,7006,5335,0.7428,1.0,1.0,1.0,0.0,1.0
Brown_rust808,Crop___DIsease,2,2,86860,41185,0.8155,1.0,1.0,1.0,0.0,1.0
Brown_rust809,Crop___DIsease,1,1,52598,38989,0.7413,1.0,1.0,1.0,0.0,1.0
Brown_rust810,Crop___DIsease,1,1,23625,19005,0.7933,1.0,1.0,1.0,0.0,1.0
Brown_rust811,Crop___DIsease,1,1,11661,9274,0.7953,1.0,1.0,1.0,0.0,1.0
Brown_rust812,Crop___DIsease,1,1,32760,25417,0.7759,1.0,1.0,1.0,0.0,1.0
Brown_rust813,Crop___DIsease,1,1,16302,9654,0.5894,1.0,1.0,1.0,0.0,1.0
Brown_rust814,Crop___DIsease,2,2,87360,26880,0.6154,1.0,1.0,1.0,0.0,1.0
Brown_rust815,Crop___DIsease,2,2,49588,21306,0.8538,1.0,1.0,1.0,0.0,1.0
Brown_rust816,Crop___DIsease,1,1,41340,21804,0.525,1.0,1.0,1.0,0.0,1.0
Brown_rust817,Crop___DIsease,1,1,32550,26295,0.7792,1.0,1.0,1.0,0.0,1.0
Brown_rust818,Crop___DIsease,1,1,70638,39531,0.5391,1.0,1.0,1.0,0.0,1.0
Brown_rust819,Crop___DIsease,1,1,34740,22951,0.6607,1.0,1.0,1.0,0.0,1.0
Brown_rust820,Crop___DIsease,2,2,76923,29321,0.6773,1.0,1.0,1.0,0.0,1.0
Brown_rust821,Crop___DIsease,1,1,28107,17829,0.604,1.0,1.0,1.0,0.0,1.0
Brown_rust822,Crop___DIsease,1,1,58140,54384,0.9354,1.0,1.0,1.0,0.0,1.0
Brown_rust823,Crop___DIsease,1,1,11058,10006,0.8847,1.0,1.0,1.0,0.0,1.0
Brown_rust824,Crop___DIsease,1,1,24198,20761,0.8464,1.0,1.0,1.0,0.0,1.0
Brown_rust825,Crop___DIsease,2,2,31019,11922,0.7096,1.0,1.0,1.0,0.0,1.0
Brown_rust826,Crop___DIsease,1,1,22892,20986,0.9036,1.0,1.0,1.0,0.0,1.0
Brown_rust827,Crop___DIsease,1,1,10440,7602,0.7282,1.0,1.0,1.0,0.0,1.0
Brown_rust828,Crop___DIsease,1,1,18032,15626,0.8486,1.0,1.0,1.0,0.0,1.0
Brown_rust829,Crop___DIsease,1,1,3588,2228,0.621,1.0,1.0,1.0,0.0,1.0
Brown_rust830,Crop___DIsease,1,1,78390,71741,0.8836,1.0,1.0,1.0,0.0,1.0
Brown_rust831,Crop___DIsease,1,1,13795,12492,0.8897,1.0,1.0,1.0,0.0,1.0
Brown_rust832,Crop___DIsease,1,1,10578,9198,0.8695,1.0,1.0,1.0,0.0,1.0
Brown_rust833,Crop___DIsease,1,1,17934,14569,0.6301,1.0,1.0,1.0,0.0,1.0
Brown_rust834,Crop___DIsease,1,1,19552,15534,0.7713,1.0,1.0,1.0,0.0,1.0
Brown_rust835,Crop___DIsease,1,1,41064,41471,0.6929,0.9902,1.0,0.9901859130476719,0.0,0.9902
Brown_rust836,Crop___DIsease,1,1,1680,1357,0.8077,1.0,1.0,1.0,0.0,1.0
Brown_rust837,Crop___DIsease,1,1,22869,20395,0.8804,1.0,1.0,1.0,0.0,1.0
Brown_rust838,Crop___DIsease,2,2,28505,9406,0.5646,1.0,1.0,1.0,0.0,1.0
Brown_rust839,Crop___DIsease,1,1,46170,40600,0.8794,1.0,1.0,1.0,0.0,1.0
Brown_rust840,Crop___DIsease,1,1,12338,7576,0.614,1.0,1.0,1.0,0.0,1.0
Brown_rust841,Crop___DIsease,1,1,18795,14324,0.726,1.0,1.0,1.0,0.0,1.0
Brown_rust842,Crop___DIsease,1,1,4290,1619,0.3774,1.0,1.0,1.0,0.0,1.0
Brown_rust843,Crop___DIsease,1,1,19188,16707,0.802,1.0,1.0,1.0,0.0,1.0
Brown_rust844,Crop___DIsease,1,1,9696,6702,0.5993,1.0,1.0,1.0,0.0,1.0
Brown_rust845,Crop___DIsease,1,1,4680,897,0.1691,1.0,1.0,1.0,0.0,1.0
Brown_rust846,Crop___DIsease,1,1,6384,3116,0.4881,1.0,1.0,1.0,0.0,1.0
Brown_rust847,Crop___DIsease,1,1,21280,16500,0.6968,1.0,1.0,1.0,0.0,1.0
Brown_rust848,Crop___DIsease,1,1,3772,1676,0.4088,1.0,1.0,1.0,0.0,1.0
Brown_rust849,Crop___DIsease,1,1,11448,6277,0.5072,1.0,1.0,1.0,0.0,1.0
Brown_rust850,Crop___DIsease,1,1,9468,2985,0.2768,1.0,1.0,1.0,0.0,1.0
Brown_rust851,Crop___DIsease,1,1,30134,26575,0.8573,1.0,1.0,1.0,0.0,1.0
Brown_rust852,Crop___DIsease,2,2,43673,19812,0.8283,1.0,1.0,1.0,0.0,1.0
Brown_rust853,Crop___DIsease,1,1,15552,9721,0.6251,1.0,1.0,1.0,0.0,1.0
Brown_rust854,Crop___DIsease,2,2,7440,1925,0.4529,1.0,1.0,1.0,0.0,1.0
Brown_rust855,Crop___DIsease,1,1,9796,4605,0.4597,1.0,1.0,1.0,0.0,1.0
Brown_rust856,Crop___DIsease,1,1,5760,4246,0.523,1.0,1.0,1.0,0.0,1.0
Brown_rust857,Crop___DIsease,2,2,25868,10341,0.796,1.0,1.0,1.0,0.0,1.0
Brown_rust858,Crop___DIsease,1,1,38541,20330,0.5032,1.0,1.0,1.0,0.0,1.0
Brown_rust859,Crop___DIsease,1,1,60680,37155,0.5846,1.0,1.0,1.0,0.0,1.0
Brown_rust860,Crop___DIsease,1,1,21527,17578,0.8049,1.0,1.0,1.0,0.0,1.0
Brown_rust861,Crop___DIsease,1,1,5496,2791,0.5078,1.0,1.0,1.0,0.0,1.0
Brown_rust862,Crop___DIsease,1,1,35490,15667,0.4316,1.0,1.0,1.0,0.0,1.0
Brown_rust863,Crop___DIsease,1,1,6615,2793,0.3774,1.0,1.0,1.0,0.0,1.0
Brown_rust864,Crop___DIsease,1,1,9331,3237,0.3469,1.0,1.0,1.0,0.0,1.0
Brown_rust865,Crop___DIsease,1,1,30366,23389,0.761,1.0,1.0,1.0,0.0,1.0
Brown_rust866,Crop___DIsease,1,1,11041,6324,0.5635,1.0,1.0,1.0,0.0,1.0
Brown_rust867,Crop___DIsease,2,2,60496,20087,0.5725,1.0,1.0,1.0,0.0,1.0
Brown_rust868,Crop___DIsease,1,1,43320,26413,0.5955,1.0,1.0,1.0,0.0,1.0
Brown_rust869,Crop___DIsease,1,1,30771,14950,0.4459,1.0,1.0,1.0,0.0,1.0
Brown_rust870,Crop___DIsease,1,1,63072,35379,0.5584,1.0,1.0,1.0,0.0,1.0
Brown_rust871,Crop___DIsease,1,1,6660,3363,0.4809,1.0,1.0,1.0,0.0,1.0
Brown_rust872,Crop___DIsease,1,1,1966986,823273,0.3966,1.0,1.0,1.0,0.0,1.0
Brown_rust873,Crop___DIsease,1,1,4865440,2885899,0.5723,1.0,1.0,1.0,0.0,1.0
Brown_rust874,Crop___DIsease,1,1,32136,444,0.0138,1.0,1.0,1.0,0.0,1.0
Brown_rust875,Crop___DIsease,2,2,33889,1998,0.1098,1.0,1.0,1.0,0.0,1.0
Brown_rust876,Crop___DIsease,1,1,134166,21250,0.158,1.0,1.0,1.0,0.0,1.0
Brown_rust877,Crop___DIsease,2,2,23760,852,0.0676,1.0,1.0,1.0,0.0,1.0
Brown_rust878,Crop___DIsease,1,1,17696,0,0.0,0,1.0,0.0,0.0,0.0
Brown_rust879,Crop___DIsease,2,2,54935,4316,0.1345,1.0,1.0,1.0,0.0,1.0
Brown_rust880,Crop___DIsease,1,1,45120,3629,0.0801,1.0,1.0,1.0,0.0,1.0
Brown_rust881,Crop___DIsease,2,2,50255,120,0.0042,1.0,1.0,1.0,0.0,1.0
Brown_rust882,Crop___DIsease,1,1,34463,4688,0.1345,1.0,1.0,1.0,0.0,1.0
Brown_rust883,Crop___DIsease,1,1,25116,1850,0.0637,1.0,1.0,1.0,0.0,1.0
Brown_rust884,Crop___DIsease,1,1,29256,1532,0.0401,1.0,1.0,1.0,0.0,1.0
Brown_rust885,Crop___DIsease,1,1,26700,5047,0.189,1.0,1.0,1.0,0.0,1.0
Brown_rust886,Crop___DIsease,2,2,90944,2250,0.0495,1.0,1.0,1.0,0.0,1.0
Brown_rust887,Crop___DIsease,2,2,96960,13786,0.2844,1.0,1.0,1.0,0.0,1.0
Brown_rust888,Crop___DIsease,1,1,20976,941,0.0426,1.0,1.0,1.0,0.0,1.0
Brown_rust889,Crop___DIsease,1,1,10808,1710,0.1582,1.0,1.0,1.0,0.0,1.0
Brown_rust890,Crop___DIsease,2,2,150250,8050,0.1068,1.0,1.0,1.0,0.0,1.0
Brown_rust891,Crop___DIsease,2,2,67367,3176,0.0938,1.0,1.0,1.0,0.0,1.0
Brown_rust892,Crop___DIsease,1,1,55189,1114,0.0195,1.0,1.0,1.0,0.0,1.0
Brown_rust893,Crop___DIsease,2,2,21408,1739,0.1589,1.0,1.0,1.0,0.0,1.0
Brown_rust894,Crop___DIsease,1,1,15776,1403,0.0874,1.0,1.0,1.0,0.0,1.0
Brown_rust895,Crop___DIsease,1,1,21984,48,0.0022,1.0,1.0,1.0,0.0,1.0
Brown_rust896,Crop___DIsease,2,2,17648,123,0.0136,1.0,1.0,1.0,0.0,1.0
Brown_rust897,Crop___DIsease,2,2,30866,2568,0.1551,1.0,1.0,1.0,0.0,1.0
Brown_rust898,Crop___DIsease,1,1,17415,1834,0.0967,1.0,1.0,1.0,0.0,1.0
Brown_rust899,Crop___DIsease,1,1,26622,6105,0.2293,1.0,1.0,1.0,0.0,1.0
Brown_rust900,Crop___DIsease,1,1,5564,101,0.0172,1.0,1.0,1.0,0.0,1.0
Brown_rust901,Crop___DIsease,1,1,7392,2867,0.3748,1.0,1.0,1.0,0.0,1.0
Brown_rust902,Crop___DIsease,2,2,21528,249,0.0213,1.0,1.0,1.0,0.0,1.0
Brown_rust903,Crop___DIsease,2,2,23072,524,0.0446,1.0,1.0,1.0,0.0,1.0
Brown_rust904,Crop___DIsease,1,1,54600,27277,0.4876,1.0,1.0,1.0,0.0,1.0
Brown_rust905,Crop___DIsease,1,1,11356,1538,0.1346,1.0,1.0,1.0,0.0,1.0
Brown_rust906,Crop___DIsease,1,1,63813,9447,0.1469,1.0,1.0,1.0,0.0,1.0
Brown_rust907,Crop___DIsease,2,2,7050,18,0.0048,1.0,1.0,1.0,0.0,1.0
Brown_rust908,Crop___DIsease,1,1,8944,1659,0.1855,1.0,1.0,1.0,0.0,1.0
Brown_rust909,Crop___DIsease,1,1,5800,256,0.0438,1.0,1.0,1.0,0.0,1.0
Brown_rust910,Crop___DIsease,1,1,20349,4153,0.2041,1.0,1.0,1.0,0.0,1.0
Brown_rust911,Crop___DIsease,2,2,26058,4259,0.3258,1.0,1.0,1.0,0.0,1.0
Brown_rust912,Crop___DIsease,1,1,8280,2553,0.3083,1.0,1.0,1.0,0.0,1.0
Brown_rust913,Crop___DIsease,1,1,9089,912,0.0981,1.0,1.0,1.0,0.0,1.0
Brown_rust914,Crop___DIsease,1,1,20995,4067,0.1907,1.0,1.0,1.0,0.0,1.0
Brown_rust915,Crop___DIsease,1,1,7128,1263,0.1759,1.0,1.0,1.0,0.0,1.0
Brown_rust916,Crop___DIsease,1,1,13760,2691,0.1806,1.0,1.0,1.0,0.0,1.0
Brown_rust917,Crop___DIsease,1,1,8733,820,0.0912,1.0,1.0,1.0,0.0,1.0
Brown_rust918,Crop___DIsease,1,1,7344,1522,0.2042,1.0,1.0,1.0,0.0,1.0
Brown_rust919,Crop___DIsease,2,2,6119,162,0.0479,1.0,1.0,1.0,0.0,1.0
Brown_rust920,Crop___DIsease,1,1,23868,3859,0.1595,1.0,1.0,1.0,0.0,1.0
Brown_rust921,Crop___DIsease,2,2,8170,1193,0.2739,1.0,1.0,1.0,0.0,1.0
Brown_rust922,Crop___DIsease,1,1,12935,376,0.0286,1.0,1.0,1.0,0.0,1.0
Brown_rust923,Crop___DIsease,1,1,6783,790,0.1156,1.0,1.0,1.0,0.0,1.0
Brown_rust924,Crop___DIsease,1,1,13500,1225,0.0907,1.0,1.0,1.0,0.0,1.0
Brown_rust925,Crop___DIsease,2,2,15104,0,0.0,0,1.0,0.0,0.0,0.0
Brown_rust926,Crop___DIsease,1,1,17523,1321,0.0754,1.0,1.0,1.0,0.0,1.0
Brown_rust927,Crop___DIsease,2,2,40785,1678,0.0711,1.0,1.0,1.0,0.0,1.0
Brown_rust928,Crop___DIsease,1,1,9912,2146,0.1542,1.0,1.0,1.0,0.0,1.0
Brown_rust929,Crop___DIsease,2,2,44838,6680,0.298,1.0,1.0,1.0,0.0,1.0
Brown_rust930,Crop___DIsease,1,1,40479,7178,0.1754,1.0,1.0,1.0,0.0,1.0
Brown_rust931,Crop___DIsease,1,1,21894,4261,0.1916,1.0,1.0,1.0,0.0,1.0
Brown_rust932,Crop___DIsease,2,2,39312,3306,0.1682,1.0,1.0,1.0,0.0,1.0
Brown_rust933,Crop___DIsease,1,1,20794,3180,0.1504,1.0,1.0,1.0,0.0,1.0
Brown_rust934,Crop___DIsease,1,1,18500,2345,0.1261,1.0,1.0,1.0,0.0,1.0
Brown_rust935,Crop___DIsease,1,1,28512,3722,0.1305,1.0,1.0,1.0,0.0,1.0
Brown_rust936,Crop___DIsease,2,2,91575,6318,0.1358,1.0,1.0,1.0,0.0,1.0
Brown_rust937,Crop___DIsease,1,1,25075,427,0.0168,1.0,1.0,1.0,0.0,1.0
Brown_rust938,Crop___DIsease,1,1,35673,2697,0.0751,1.0,1.0,1.0,0.0,1.0
Brown_rust939,Crop___DIsease,1,1,23340,2752,0.1045,1.0,1.0,1.0,0.0,1.0
Brown_rust940,Crop___DIsease,1,1,11448,1134,0.0968,1.0,1.0,1.0,0.0,1.0
Brown_rust941,Crop___DIsease,2,2,46305,6512,0.2621,1.0,1.0,1.0,0.0,1.0
Brown_rust942,Crop___DIsease,1,1,3069,1230,0.1764,1.0,1.0,1.0,0.0,1.0
Brown_rust943,Crop___DIsease,2,2,49486,5339,0.1989,1.0,1.0,1.0,0.0,1.0
Brown_rust944,Crop___DIsease,1,1,41019,23214,0.5594,1.0,1.0,1.0,0.0,1.0
Brown_rust945,Crop___DIsease,1,1,5850,588,0.1005,1.0,1.0,1.0,0.0,1.0
Brown_rust946,Crop___DIsease,1,1,13728,1776,0.1218,1.0,1.0,1.0,0.0,1.0
Brown_rust947,Crop___DIsease,1,1,4104,304,0.0741,1.0,1.0,1.0,0.0,1.0
Brown_rust948,Crop___DIsease,1,1,5304,1128,0.1494,1.0,1.0,1.0,0.0,1.0
Brown_rust949,Crop___DIsease,1,1,13095,1210,0.0885,1.0,1.0,1.0,0.0,1.0
Brown_rust950,Crop___DIsease,1,1,31556,1702,0.0534,1.0,1.0,1.0,0.0,1.0
Brown_rust951,Crop___DIsease,1,1,5148,87,0.0154,1.0,1.0,1.0,0.0,1.0
Brown_rust952,Crop___DIsease,2,2,40469,1689,0.0817,1.0,1.0,1.0,0.0,1.0
Brown_rust953,Crop___DIsease,1,1,29574,580,0.0196,1.0,1.0,1.0,0.0,1.0
Brown_rust954,Crop___DIsease,1,1,5760,0,0.0,0,1.0,0.0,0.0,0.0
Brown_rust955,Crop___DIsease,1,1,12375,17,0.0013,1.0,1.0,1.0,0.0,1.0
Brown_rust956,Crop___DIsease,1,1,4374,27,0.0062,1.0,1.0,1.0,0.0,1.0
Brown_rust957,Crop___DIsease,1,1,21240,1101,0.0511,1.0,1.0,1.0,0.0,1.0
Brown_rust958,Crop___DIsease,2,2,41745,2893,0.1381,1.0,1.0,1.0,0.0,1.0
Brown_rust959,Crop___DIsease,2,2,23175,2010,0.1706,1.0,1.0,1.0,0.0,1.0
Brown_rust960,Crop___DIsease,1,1,25488,223,0.0086,1.0,1.0,1.0,0.0,1.0
Brown_rust961,Crop___DIsease,2,2,30967,111,0.0071,1.0,1.0,1.0,0.0,1.0
Brown_rust962,Crop___DIsease,2,2,61864,2446,0.0791,1.0,1.0,1.0,0.0,1.0
Brown_rust963,Crop___DIsease,1,1,39168,1103,0.0258,1.0,1.0,1.0,0.0,1.0
Brown_rust964,Crop___DIsease,2,2,25345,17,0.0013,1.0,1.0,1.0,0.0,1.0
Brown_rust965,Crop___DIsease,2,2,34272,933,0.0439,1.0,1.0,1.0,0.0,1.0
Brown_rust966,Crop___DIsease,2,2,36650,39,0.0021,1.0,1.0,1.0,0.0,1.0
Brown_rust967,Crop___DIsease,1,1,9021,0,0.0,0,1.0,0.0,0.0,0.0
Brown_rust968,Crop___DIsease,1,1,6380,0,0.0,0,1.0,0.0,0.0,0.0
Brown_rust969,Crop___DIsease,1,1,9541,0,0.0,0,1.0,0.0,0.0,0.0
Brown_rust970,Crop___DIsease,2,2,19003,687,0.0715,1.0,1.0,1.0,0.0,1.0
Brown_rust971,Crop___DIsease,2,2,27297,0,0.0,0,1.0,0.0,0.0,0.0
Brown_rust972,Crop___DIsease,1,1,12816,868,0.0317,1.0,1.0,1.0,0.0,1.0
Brown_rust973,Crop___DIsease,2,2,10670,218,0.0397,1.0,1.0,1.0,0.0,1.0
Brown_rust974,Crop___DIsease,2,2,11999,119,0.0181,1.0,1.0,1.0,0.0,1.0
Brown_rust975,Crop___DIsease,1,1,8118,1485,0.1829,1.0,1.0,1.0,0.0,1.0
Brown_rust976,Crop___DIsease,2,2,10120,0,0.0,0,1.0,0.0,0.0,0.0
Brown_rust977,Crop___DIsease,1,1,18105,4490,0.231,1.0,1.0,1.0,0.0,1.0
Brown_rust978,Crop___DIsease,2,2,23744,1406,0.1184,1.0,1.0,1.0,0.0,1.0
Brown_rust979,Crop___DIsease,1,1,8040,2041,0.2539,1.0,1.0,1.0,0.0,1.0
Brown_rust980,Crop___DIsease,2,2,26894,1038,0.065,1.0,1.0,1.0,0.0,1.0
Brown_rust981,Crop___DIsease,1,1,25662,4775,0.1854,1.0,1.0,1.0,0.0,1.0
Brown_rust982,Crop___DIsease,1,1,23718,2145,0.0866,1.0,1.0,1.0,0.0,1.0
Brown_rust983,Crop___DIsease,1,1,18711,2593,0.1012,1.0,1.0,1.0,0.0,1.0
Brown_rust984,Crop___DIsease,1,1,35424,917,0.0259,1.0,1.0,1.0,0.0,1.0
Brown_rust985,Crop___DIsease,1,1,30576,694,0.0213,1.0,1.0,1.0,0.0,1.0
Brown_rust986,Crop___DIsease,1,1,23220,1017,0.0438,1.0,1.0,1.0,0.0,1.0
Brown_rust987,Crop___DIsease,2,2,49296,139,0.005,1.0,1.0,1.0,0.0,1.0
Brown_rust988,Crop___DIsease,1,1,14112,1999,0.1087,1.0,1.0,1.0,0.0,1.0
Brown_rust989,Crop___DIsease,1,1,14600,327,0.0224,1.0,1.0,1.0,0.0,1.0
Brown_rust990,Crop___DIsease,1,1,12288,334,0.0272,1.0,1.0,1.0,0.0,1.0
Brown_rust991,Crop___DIsease,2,2,31008,2545,0.1485,1.0,1.0,1.0,0.0,1.0
Brown_rust992,Crop___DIsease,1,1,103275,13419,0.1262,1.0,1.0,1.0,0.0,1.0
Brown_rust993,Crop___DIsease,1,1,8463,85,0.0097,1.0,1.0,1.0,0.0,1.0
Brown_rust994,Crop___DIsease,2,2,31416,3176,0.2013,1.0,1.0,1.0,0.0,1.0
Brown_rust995,Crop___DIsease,1,1,57000,4523,0.0794,1.0,1.0,1.0,0.0,1.0
Brown_rust996,Crop___DIsease,2,2,42704,793,0.0347,1.0,1.0,1.0,0.0,1.0
Brown_rust997,Crop___DIsease,1,1,76108,45254,0.485,1.0,1.0,1.0,0.0,1.0
Brown_rust998,Crop___DIsease,1,1,100320,81267,0.7924,1.0,1.0,1.0,0.0,1.0
Brown_rust999,Crop___DIsease,1,1,52319,11797,0.2225,1.0,1.0,1.0,0.0,1.0
d340704d-cc00-4068-bb8a-ae70840b7bfa___RS_HL 1773_newGGR,Crop___DIsease,1,0,0,48,0.0007,0.0,1.0,0.0,0.0,0.0
d50a580b-46bd-47f5-a0bf-8535da774104___RS_HL 5408_new30degFlipTB,Crop___DIsease,1,0,0,35278,0.5383,0.0,1.0,0.0,0.0,0.0
dbe4f332-9189-4b76-b30c-f0c9a55e48d3___RS_HL 1841_180deg,Crop___DIsease,1,0,0,30879,0.4712,0.0,1.0,0.0,0.0,0.0
dbe4f332-9189-4b76-b30c-f0c9a55e48d3___RS_HL 1841_newGRR,Crop___DIsease,1,0,0,0,0.0,0,1.0,0.0,0.0,0.0
dbe4f332-9189-4b76-b30c-f0c9a55e48d3___RS_HL 1841_newPixel25,Crop___DIsease,1,0,0,22617,0.3451,0.0,1.0,0.0,0.0,0.0
dca8ac5c-b925-435a-a5e9-da09fa8938a1___RS_HL 4182_newPixel25,Crop___DIsease,1,0,0,24560,0.3748,0.0,1.0,0.0,0.0,0.0
de9a8669-d437-40f0-aa56-fe2d8276a1e0___RS_HL 1910,Crop___DIsease,1,0,0,35829,0.5467,0.0,1.0,0.0,0.0,0.0
de9a8669-d437-40f0-aa56-fe2d8276a1e0___RS_HL 1910_new90degFlipLR,Crop___DIsease,1,0,0,35816,0.5465,0.0,1.0,0.0,0.0,0.0
e1b49d1b-165b-4f4e-8a30-735e62bc39c5___RS_HL 1839_new90degFlipTB,Crop___DIsease,1,0,0,33713,0.5144,0.0,1.0,0.0,0.0,0.0
e34e563f-7a4a-4b44-bdf2-b6f96cbcd929___RS_HL 5370_180deg,Crop___DIsease,1,0,0,31914,0.487,0.0,1.0,0.0,0.0,0.0
e34e563f-7a4a-4b44-bdf2-b6f96cbcd929___RS_HL 5370_90deg,Crop___DIsease,1,0,0,31926,0.4872,0.0,1.0,0.0,0.0,0.0
e34e563f-7a4a-4b44-bdf2-b6f96cbcd929___RS_HL 5370_flipTB,Crop___DIsease,1,0,0,31904,0.4868,0.0,1.0,0.0,0.0,0.0
ec6e43d3-512d-4908-99f2-c9e2a0be54be___RS_HL 4202_180deg,Crop___DIsease,1,0,0,37770,0.5763,0.0,1.0,0.0,0.0,0.0
ec6e43d3-512d-4908-99f2-c9e2a0be54be___RS_HL 4202_newGRR,Crop___DIsease,1,0,0,0,0.0,0,1.0,0.0,0.0,0.0
ec6e43d3-512d-4908-99f2-c9e2a0be54be___RS_HL 4202_newPixel25,Crop___DIsease,1,0,0,36172,0.5519,0.0,1.0,0.0,0.0,0.0
ee052892-e935-4fbb-9344-4d23c57c6890___RS_HL 5400_new200degFlipTB,Crop___DIsease,1,0,0,30568,0.4664,0.0,1.0,0.0,0.0,0.0
ee052892-e935-4fbb-9344-4d23c57c6890___RS_HL 5400_newGRR,Crop___DIsease,1,0,0,0,0.0,0,1.0,0.0,0.0,0.0
ef7005dc-1d44-412e-b858-145a2d7a6fa9___RS_HL 1951_flipLR,Crop___DIsease,1,0,0,34244,0.5225,0.0,1.0,0.0,0.0,0.0
f0036dfd-9f46-4f2f-9001-5973495f2171___RS_HL 1849_new90degFlipLR,Crop___DIsease,1,0,0,31873,0.4863,0.0,1.0,0.0,0.0,0.0
f0036dfd-9f46-4f2f-9001-5973495f2171___RS_HL 1849_newPixel25,Crop___DIsease,1,0,0,16709,0.255,0.0,1.0,0.0,0.0,0.0
f30983c0-6e20-43cc-8672-4622ca34c830___RS_HL 1949,Crop___DIsease,1,0,0,33647,0.5134,0.0,1.0,0.0,0.0,0.0
f30983c0-6e20-43cc-8672-4622ca34c830___RS_HL 1949_flipTB,Crop___DIsease,1,0,0,33647,0.5134,0.0,1.0,0.0,0.0,0.0
f30983c0-6e20-43cc-8672-4622ca34c830___RS_HL 1949_newGRR,Crop___DIsease,1,0,0,0,0.0,0,1.0,0.0,0.0,0.0
f3944213-7339-4b29-a00a-c235b4c5a2c1___R.S_HL 5533 copy,Crop___DIsease,2,0,0,50733,0.7741,0.0,1.0,0.0,0.0,0.0
f3944213-7339-4b29-a00a-c235b4c5a2c1___R.S_HL 5533 copy_flipLR(1),Crop___DIsease,2,0,0,50737,0.7742,0.0,1.0,0.0,0.0,0.0
f3944213-7339-4b29-a00a-c235b4c5a2c1___R.S_HL 5533 copy_flipLR,Crop___DIsease,2,0,0,50737,0.7742,0.0,1.0,0.0,0.0,0.0
f3ab8b7c-5cb0-4802-bd1e-4c0003d4569c___R.S_HL 7917 copy(1),Crop___DIsease,1,0,0,60492,0.923,0.0,1.0,0.0,0.0,0.0
f3ab8b7c-5cb0-4802-bd1e-4c0003d4569c___R.S_HL 7917 copy,Crop___DIsease,1,0,0,60492,0.923,0.0,1.0,0.0,0.0,0.0
f3ab8b7c-5cb0-4802-bd1e-4c0003d4569c___R.S_HL 7917 copy_flipLR(1),Crop___DIsease,1,0,0,60495,0.9231,0.0,1.0,0.0,0.0,0.0
f3ab8b7c-5cb0-4802-bd1e-4c0003d4569c___R.S_HL 7917 copy_flipLR,Crop___DIsease,1,0,0,60495,0.9231,0.0,1.0,0.0,0.0,0.0
f3afeaed-3b7a-4dad-b46e-a2144cfea6ea___R.S_HL 8299 copy 2,Crop___DIsease,1,0,0,60020,0.9158,0.0,1.0,0.0,0.0,0.0
f3afeaed-3b7a-4dad-b46e-a2144cfea6ea___R.S_HL 8299 copy 2_flipLR(1),Crop___DIsease,1,0,0,60018,0.9158,0.0,1.0,0.0,0.0,0.0
f3afeaed-3b7a-4dad-b46e-a2144cfea6ea___R.S_HL 8299 copy 2_flipLR,Crop___DIsease,1,0,0,60018,0.9158,0.0,1.0,0.0,0.0,0.0
f3c516b2-43df-4646-a8fc-a6fe2a81b305___R.S_HL 8332 copy 2(1),Crop___DIsease,1,0,0,52630,0.8031,0.0,1.0,0.0,0.0,0.0
f3c516b2-43df-4646-a8fc-a6fe2a81b305___R.S_HL 8332 copy 2,Crop___DIsease,1,0,0,52630,0.8031,0.0,1.0,0.0,0.0,0.0
f3ff0afe-f5e0-4ece-9e0c-615910fe7738___R.S_HL 7933 copy 2(1),Crop___DIsease,1,0,0,62100,0.9476,0.0,1.0,0.0,0.0,0.0
f3ff0afe-f5e0-4ece-9e0c-615910fe7738___R.S_HL 7933 copy 2,Crop___DIsease,1,0,0,62100,0.9476,0.0,1.0,0.0,0.0,0.0
f3ff0afe-f5e0-4ece-9e0c-615910fe7738___R.S_HL 7933 copy 2_flipLR(1),Crop___DIsease,1,0,0,62070,0.9471,0.0,1.0,0.0,0.0,0.0
f3ff0afe-f5e0-4ece-9e0c-615910fe7738___R.S_HL 7933 copy 2_flipLR,Crop___DIsease,1,0,0,62070,0.9471,0.0,1.0,0.0,0.0,0.0
f4b5ec24-d318-4309-8294-9126450d5d7f___RS_HL 1824_180deg,Crop___DIsease,1,0,0,32380,0.4941,0.0,1.0,0.0,0.0,0.0
f4b5ec24-d318-4309-8294-9126450d5d7f___RS_HL 1824_270deg,Crop___DIsease,1,0,0,32432,0.4949,0.0,1.0,0.0,0.0,0.0
f4b5ec24-d318-4309-8294-9126450d5d7f___RS_HL 1824_90deg,Crop___DIsease,1,0,0,32476,0.4955,0.0,1.0,0.0,0.0,0.0
f4b5ec24-d318-4309-8294-9126450d5d7f___RS_HL 1824_flipLR,Crop___DIsease,1,0,0,32380,0.4941,0.0,1.0,0.0,0.0,0.0
f4b5ec24-d318-4309-8294-9126450d5d7f___RS_HL 1824_flipTB,Crop___DIsease,1,0,0,32374,0.494,0.0,1.0,0.0,0.0,0.0
f4b5ec24-d318-4309-8294-9126450d5d7f___RS_HL 1824_new30degFlipLR,Crop___DIsease,1,0,0,32369,0.4939,0.0,1.0,0.0,0.0,0.0
f4b5ec24-d318-4309-8294-9126450d5d7f___RS_HL 1824_new90degFlipLR,Crop___DIsease,1,0,0,32470,0.4955,0.0,1.0,0.0,0.0,0.0
f4b5ec24-d318-4309-8294-9126450d5d7f___RS_HL 1824_new90degFlipTB,Crop___DIsease,1,0,0,32476,0.4955,0.0,1.0,0.0,0.0,0.0
f4b5ec24-d318-4309-8294-9126450d5d7f___RS_HL 1824_newGRR,Crop___DIsease,1,0,0,0,0.0,0,1.0,0.0,0.0,0.0
f4b5ec24-d318-4309-8294-9126450d5d7f___RS_HL 1824_newPixel25,Crop___DIsease,1,0,0,24988,0.3813,0.0,1.0,0.0,0.0,0.0
f4be3632-42a1-415a-9f7e-1d5ecb9f49d7___RS_HL 1783,Crop___DIsease,1,0,0,30643,0.4676,0.0,1.0,0.0,0.0,0.0
f4be3632-42a1-415a-9f7e-1d5ecb9f49d7___RS_HL 1783_270deg,Crop___DIsease,1,0,0,30669,0.468,0.0,1.0,0.0,0.0,0.0
f4be3632-42a1-415a-9f7e-1d5ecb9f49d7___RS_HL 1783_90deg,Crop___DIsease,1,0,0,30730,0.4689,0.0,1.0,0.0,0.0,0.0
f4be3632-42a1-415a-9f7e-1d5ecb9f49d7___RS_HL 1783_flipLR,Crop___DIsease,1,0,0,30646,0.4676,0.0,1.0,0.0,0.0,0.0
f4be3632-42a1-415a-9f7e-1d5ecb9f49d7___RS_HL 1783_flipTB,Crop___DIsease,1,0,0,30643,0.4676,0.0,1.0,0.0,0.0,0.0
f4be3632-42a1-415a-9f7e-1d5ecb9f49d7___RS_HL 1783_new200degFlipLR,Crop___DIsease,1,0,0,30531,0.4659,0.0,1.0,0.0,0.0,0.0
f4be3632-42a1-415a-9f7e-1d5ecb9f49d7___RS_HL 1783_new200degFlipTB,Crop___DIsease,1,0,0,30532,0.4659,0.0,1.0,0.0,0.0,0.0
f4be3632-42a1-415a-9f7e-1d5ecb9f49d7___RS_HL 1783_new30degFlipLR,Crop___DIsease,1,0,0,30201,0.4608,0.0,1.0,0.0,0.0,0.0
f4be3632-42a1-415a-9f7e-1d5ecb9f49d7___RS_HL 1783_new90degFlipLR,Crop___DIsease,1,0,0,30724,0.4688,0.0,1.0,0.0,0.0,0.0
f4be3632-42a1-415a-9f7e-1d5ecb9f49d7___RS_HL 1783_new90degFlipTB,Crop___DIsease,1,0,0,30730,0.4689,0.0,1.0,0.0,0.0,0.0
f4be3632-42a1-415a-9f7e-1d5ecb9f49d7___RS_HL 1783_newGRR,Crop___DIsease,1,0,0,0,0.0,0,1.0,0.0,0.0,0.0
f4be3632-42a1-415a-9f7e-1d5ecb9f49d7___RS_HL 1783_newPixel25,Crop___DIsease,1,0,0,20070,0.3062,0.0,1.0,0.0,0.0,0.0
f538f7b9-6522-4def-a7e9-907baec0591c___R.S_HL 8229 copy 2_flipLR(1),Crop___DIsease,1,0,0,40085,0.6116,0.0,1.0,0.0,0.0,0.0
f5b5175b-c367-4f3e-aaf5-5bb4540cab20___R.S_HL 8105 copy 2(1),Crop___DIsease,1,0,0,56326,0.8595,0.0,1.0,0.0,0.0,0.0
f5b5175b-c367-4f3e-aaf5-5bb4540cab20___R.S_HL 8105 copy 2,Crop___DIsease,1,0,0,56326,0.8595,0.0,1.0,0.0,0.0,0.0
f5bd2732-197b-4d8e-bb50-a4966dc416f5___RS_HL 1840,Crop___DIsease,1,0,0,35580,0.5429,0.0,1.0,0.0,0.0,0.0
f5bd2732-197b-4d8e-bb50-a4966dc416f5___RS_HL 1840_180deg,Crop___DIsease,1,0,0,35580,0.5429,0.0,1.0,0.0,0.0,0.0
f5bd2732-197b-4d8e-bb50-a4966dc416f5___RS_HL 1840_270deg,Crop___DIsease,1,0,0,35578,0.5429,0.0,1.0,0.0,0.0,0.0
f5bd2732-197b-4d8e-bb50-a4966dc416f5___RS_HL 1840_90deg,Crop___DIsease,1,0,0,35615,0.5434,0.0,1.0,0.0,0.0,0.0
f5bd2732-197b-4d8e-bb50-a4966dc416f5___RS_HL 1840_flipLR,Crop___DIsease,1,0,0,35580,0.5429,0.0,1.0,0.0,0.0,0.0
f5bd2732-197b-4d8e-bb50-a4966dc416f5___RS_HL 1840_new200degFlipLR,Crop___DIsease,1,0,0,35698,0.5447,0.0,1.0,0.0,0.0,0.0
f5bd2732-197b-4d8e-bb50-a4966dc416f5___RS_HL 1840_new200degFlipTB,Crop___DIsease,1,0,0,35704,0.5448,0.0,1.0,0.0,0.0,0.0
f5bd2732-197b-4d8e-bb50-a4966dc416f5___RS_HL 1840_new30degFlipLR,Crop___DIsease,1,0,0,35707,0.5448,0.0,1.0,0.0,0.0,0.0
f5bd2732-197b-4d8e-bb50-a4966dc416f5___RS_HL 1840_new30degFlipTB,Crop___DIsease,1,0,0,35715,0.545,0.0,1.0,0.0,0.0,0.0
f5bd2732-197b-4d8e-bb50-a4966dc416f5___RS_HL 1840_new90degFlipTB,Crop___DIsease,1,0,0,35615,0.5434,0.0,1.0,0.0,0.0,0.0
f5bd2732-197b-4d8e-bb50-a4966dc416f5___RS_HL 1840_newGGR,Crop___DIsease,1,0,0,0,0.0,0,1.0,0.0,0.0,0.0
f5bd2732-197b-4d8e-bb50-a4966dc416f5___RS_HL 1840_newPixel25,Crop___DIsease,1,0,0,18282,0.279,0.0,1.0,0.0,0.0,0.0
f60d1557-0903-41b0-a640-be7f4353636a___R.S_HL 8345 copy 2,Crop___DIsease,1,0,0,63697,0.9719,0.0,1.0,0.0,0.0,0.0
f60d1557-0903-41b0-a640-be7f4353636a___R.S_HL 8345 copy 2_flipLR(1),Crop___DIsease,1,0,0,63701,0.972,0.0,1.0,0.0,0.0,0.0
f60d1557-0903-41b0-a640-be7f4353636a___R.S_HL 8345 copy 2_flipLR,Crop___DIsease,1,0,0,63701,0.972,0.0,1.0,0.0,0.0,0.0
f6244bb0-89ef-4256-bc25-701f6a66f1fa___R.S_HL 5508 copy 2,Crop___DIsease,1,0,0,46786,0.7139,0.0,1.0,0.0,0.0,0.0
f6244bb0-89ef-4256-bc25-701f6a66f1fa___R.S_HL 5508 copy 2_flipLR(1),Crop___DIsease,1,0,0,46820,0.7144,0.0,1.0,0.0,0.0,0.0
f66af6c0-6fc6-4020-b1de-a73685d497c2___RS_HL 4181,Crop___DIsease,1,0,0,32320,0.4932,0.0,1.0,0.0,0.0,0.0
f66af6c0-6fc6-4020-b1de-a73685d497c2___RS_HL 4181_180deg,Crop___DIsease,1,0,0,32325,0.4932,0.0,1.0,0.0,0.0,0.0
f66af6c0-6fc6-4020-b1de-a73685d497c2___RS_HL 4181_270deg,Crop___DIsease,1,0,0,32367,0.4939,0.0,1.0,0.0,0.0,0.0
f66af6c0-6fc6-4020-b1de-a73685d497c2___RS_HL 4181_90deg,Crop___DIsease,1,0,0,32326,0.4933,0.0,1.0,0.0,0.0,0.0
f66af6c0-6fc6-4020-b1de-a73685d497c2___RS_HL 4181_flipLR,Crop___DIsease,1,0,0,32325,0.4932,0.0,1.0,0.0,0.0,0.0
f66af6c0-6fc6-4020-b1de-a73685d497c2___RS_HL 4181_new200degFlipLR,Crop___DIsease,1,0,0,32391,0.4942,0.0,1.0,0.0,0.0,0.0
f66af6c0-6fc6-4020-b1de-a73685d497c2___RS_HL 4181_new200degFlipTB,Crop___DIsease,1,0,0,32386,0.4942,0.0,1.0,0.0,0.0,0.0
f66af6c0-6fc6-4020-b1de-a73685d497c2___RS_HL 4181_new30degFlipLR,Crop___DIsease,1,0,0,32389,0.4942,0.0,1.0,0.0,0.0,0.0
f66af6c0-6fc6-4020-b1de-a73685d497c2___RS_HL 4181_new30degFlipTB,Crop___DIsease,1,0,0,32388,0.4942,0.0,1.0,0.0,0.0,0.0
f66af6c0-6fc6-4020-b1de-a73685d497c2___RS_HL 4181_new90degFlipLR,Crop___DIsease,1,0,0,32338,0.4934,0.0,1.0,0.0,0.0,0.0
f66af6c0-6fc6-4020-b1de-a73685d497c2___RS_HL 4181_new90degFlipTB,Crop___DIsease,1,0,0,32326,0.4933,0.0,1.0,0.0,0.0,0.0
f66af6c0-6fc6-4020-b1de-a73685d497c2___RS_HL 4181_newGGR,Crop___DIsease,1,0,0,0,0.0,0,1.0,0.0,0.0,0.0
f66af6c0-6fc6-4020-b1de-a73685d497c2___RS_HL 4181_newGRR,Crop___DIsease,1,0,0,0,0.0,0,1.0,0.0,0.0,0.0
f66af6c0-6fc6-4020-b1de-a73685d497c2___RS_HL 4181_newPixel25,Crop___DIsease,1,0,0,29043,0.4432,0.0,1.0,0.0,0.0,0.0
f6701648-427e-41ff-a375-96821ff63f26___R.S_HL 8076 copy 2(1),Crop___DIsease,1,0,0,61207,0.9339,0.0,1.0,0.0,0.0,0.0
f6701648-427e-41ff-a375-96821ff63f26___R.S_HL 8076 copy 2_flipLR,Crop___DIsease,1,0,0,61232,0.9343,0.0,1.0,0.0,0.0,0.0
f67649f1-0d9a-4015-a943-e13a79ace489___R.S_HL 5490 copy,Crop___DIsease,1,0,0,65402,0.998,0.0,1.0,0.0,0.0,0.0
f683a321-4962-4bba-ad92-002edcbc1be6___RS_NLB 4160_flipTB,Crop___DIsease,1,1,41216,28806,0.4395,1.0,1.0,1.0,0.0,1.0
f69b1b10-dd7f-44c0-b084-1959316e4f2a___RS_NLB 3955 copy 2(1),Crop___DIsease,2,2,102510,13583,0.2073,1.0,1.0,1.0,0.0,1.0
f69b1b10-dd7f-44c0-b084-1959316e4f2a___RS_NLB 3955 copy 2,Crop___DIsease,2,2,102510,13583,0.2073,1.0,1.0,1.0,0.0,1.0
f69b1b10-dd7f-44c0-b084-1959316e4f2a___RS_NLB 3955 copy 2_180deg(1),Crop___DIsease,1,1,60690,13586,0.2073,1.0,1.0,1.0,0.0,1.0
f69b1b10-dd7f-44c0-b084-1959316e4f2a___RS_NLB 3955 copy 2_180deg,Crop___DIsease,1,1,60690,13586,0.2073,1.0,1.0,1.0,0.0,1.0
f6b47d16-cfbc-4786-bc6d-78a2bc037a43___RS_NLB 3545(1),Crop___DIsease,1,1,65536,50128,0.7649,1.0,1.0,1.0,0.0,1.0
f6b47d16-cfbc-4786-bc6d-78a2bc037a43___RS_NLB 3545,Crop___DIsease,1,1,65536,50128,0.7649,1.0,1.0,1.0,0.0,1.0
f6b47d16-cfbc-4786-bc6d-78a2bc037a43___RS_NLB 3545_180deg(1),Crop___DIsease,1,1,65536,50120,0.7648,1.0,1.0,1.0,0.0,1.0
f6b47d16-cfbc-4786-bc6d-78a2bc037a43___RS_NLB 3545_180deg,Crop___DIsease,1,1,65536,50120,0.7648,1.0,1.0,1.0,0.0,1.0
f6b47d16-cfbc-4786-bc6d-78a2bc037a43___RS_NLB 3545_flipTB(1),Crop___DIsease,1,1,65536,50128,0.7649,1.0,1.0,1.0,0.0,1.0
f6b47d16-cfbc-4786-bc6d-78a2bc037a43___RS_NLB 3545_flipTB,Crop___DIsease,1,1,65536,50128,0.7649,1.0,1.0,1.0,0.0,1.0
f6c25b27-60b4-43fe-879d-355b39d0d6e5___R.S_HL 8163 copy(1),Crop___DIsease,1,0,0,54063,0.8249,0.0,1.0,0.0,0.0,0.0
f6c25b27-60b4-43fe-879d-355b39d0d6e5___R.S_HL 8163 copy_flipLR(1),Crop___DIsease,1,0,0,54039,0.8246,0.0,1.0,0.0,0.0,0.0
f6c25b27-60b4-43fe-879d-355b39d0d6e5___R.S_HL 8163 copy_flipLR,Crop___DIsease,1,0,0,54039,0.8246,0.0,1.0,0.0,0.0,0.0
f6c931a8-b023-4368-bb35-0e7a62a74f48___R.S_HL 8033 copy_flipLR(1),Crop___DIsease,1,0,0,52469,0.8006,0.0,1.0,0.0,0.0,0.0
f6c931a8-b023-4368-bb35-0e7a62a74f48___R.S_HL 8033 copy_flipLR,Crop___DIsease,1,0,0,52469,0.8006,0.0,1.0,0.0,0.0,0.0
f6cd4802-4035-4eab-8a4f-a3ffa6f5f6c0___R.S_HL 8321 copy(1),Crop___DIsease,1,0,0,54749,0.8354,0.0,1.0,0.0,0.0,0.0
f6cd4802-4035-4eab-8a4f-a3ffa6f5f6c0___R.S_HL 8321 copy,Crop___DIsease,1,0,0,54749,0.8354,0.0,1.0,0.0,0.0,0.0
f6cd4802-4035-4eab-8a4f-a3ffa6f5f6c0___R.S_HL 8321 copy_flipLR(1),Crop___DIsease,1,0,0,54755,0.8355,0.0,1.0,0.0,0.0,0.0
f6cd4802-4035-4eab-8a4f-a3ffa6f5f6c0___R.S_HL 8321 copy_flipLR,Crop___DIsease,1,0,0,54755,0.8355,0.0,1.0,0.0,0.0,0.0
f741de14-0e76-4922-8c59-3281d55f019a___R.S_HL 5491 copy 2,Crop___DIsease,1,0,0,60163,0.918,0.0,1.0,0.0,0.0,0.0
f7cf0608-2278-4a38-a37e-1356bd359651___RS_NLB 3490(1),Crop___DIsease,2,2,61201,47729,0.7283,1.0,1.0,1.0,0.0,1.0
f7cf0608-2278-4a38-a37e-1356bd359651___RS_NLB 3490,Crop___DIsease,2,2,61201,47729,0.7283,1.0,1.0,1.0,0.0,1.0
f7cf0608-2278-4a38-a37e-1356bd359651___RS_NLB 3490_flipTB(1),Crop___DIsease,2,2,61185,47729,0.7283,1.0,1.0,1.0,0.0,1.0
f7cf0608-2278-4a38-a37e-1356bd359651___RS_NLB 3490_flipTB,Crop___DIsease,2,2,61185,47729,0.7283,1.0,1.0,1.0,0.0,1.0
f7f289da-cdf0-4f65-b4f8-1afc4507a32f___R.S_HL 7880 copy 2(1),Crop___DIsease,1,0,0,59836,0.913,0.0,1.0,0.0,0.0,0.0
f7f289da-cdf0-4f65-b4f8-1afc4507a32f___R.S_HL 7880 copy 2_flipLR(1),Crop___DIsease,1,0,0,59808,0.9126,0.0,1.0,0.0,0.0,0.0
f7f289da-cdf0-4f65-b4f8-1afc4507a32f___R.S_HL 7880 copy 2_flipLR,Crop___DIsease,1,0,0,59808,0.9126,0.0,1.0,0.0,0.0,0.0
f7f43a8d-2f8f-49c1-ad47-c01d9396bd78___RS_NLB 4117(1),Crop___DIsease,1,1,65280,52018,0.7937,1.0,1.0,1.0,0.0,1.0
f7f43a8d-2f8f-49c1-ad47-c01d9396bd78___RS_NLB 4117,Crop___DIsease,1,1,65280,52018,0.7937,1.0,1.0,1.0,0.0,1.0
f7f43a8d-2f8f-49c1-ad47-c01d9396bd78___RS_NLB 4117_flipTB(1),Crop___DIsease,1,1,65280,52018,0.7937,1.0,1.0,1.0,0.0,1.0
f7f43a8d-2f8f-49c1-ad47-c01d9396bd78___RS_NLB 4117_flipTB,Crop___DIsease,1,1,65280,52018,0.7937,1.0,1.0,1.0,0.0,1.0
f81a1119-4ccb-46b6-aff7-29998828be59___RS_NLB 4187_180deg(1),Crop___DIsease,3,3,66546,49229,0.7512,1.0,1.0,1.0,0.0,1.0
f81a1119-4ccb-46b6-aff7-29998828be59___RS_NLB 4187_180deg,Crop___DIsease,3,3,66546,49229,0.7512,1.0,1.0,1.0,0.0,1.0
f81a1119-4ccb-46b6-aff7-29998828be59___RS_NLB 4187_flipTB(1),Crop___DIsease,2,2,59286,49291,0.7521,1.0,1.0,1.0,0.0,1.0
f81a1119-4ccb-46b6-aff7-29998828be59___RS_NLB 4187_flipTB,Crop___DIsease,2,2,59286,49291,0.7521,1.0,1.0,1.0,0.0,1.0
f82f0eb7-b399-4983-b69b-8b2ac5f0c7f5___R.S_HL 5491 copy 4(1),Crop___DIsease,1,0,0,62711,0.9569,0.0,1.0,0.0,0.0,0.0
f85a5f36-d0f7-4aaa-9d28-9ff33d092385___R.S_HL 8207 copy 2,Crop___DIsease,1,0,0,62863,0.9592,0.0,1.0,0.0,0.0,0.0
f85a5f36-d0f7-4aaa-9d28-9ff33d092385___R.S_HL 8207 copy 2_flipLR(1),Crop___DIsease,1,0,0,62834,0.9588,0.0,1.0,0.0,0.0,0.0
f85a5f36-d0f7-4aaa-9d28-9ff33d092385___R.S_HL 8207 copy 2_flipLR,Crop___DIsease,1,0,0,62834,0.9588,0.0,1.0,0.0,0.0,0.0
f89ead10-10be-4102-82f8-35810eb4a3d1___RS_NLB 3557_180deg(1),Crop___DIsease,1,1,65536,49051,0.7485,1.0,1.0,1.0,0.0,1.0
f89ead10-10be-4102-82f8-35810eb4a3d1___RS_NLB 3557_180deg,Crop___DIsease,1,1,65536,49051,0.7485,1.0,1.0,1.0,0.0,1.0
f89ead10-10be-4102-82f8-35810eb4a3d1___RS_NLB 3557_flipTB(1),Crop___DIsease,1,1,65536,49103,0.7493,1.0,1.0,1.0,0.0,1.0
f89ead10-10be-4102-82f8-35810eb4a3d1___RS_NLB 3557_flipTB,Crop___DIsease,1,1,65536,49103,0.7493,1.0,1.0,1.0,0.0,1.0
f8a466eb-a6f3-448b-9d05-a859d87d3f27___R.S_HL 5558 copy 2_flipLR(1),Crop___DIsease,1,0,0,62497,0.9536,0.0,1.0,0.0,0.0,0.0
f8a466eb-a6f3-448b-9d05-a859d87d3f27___R.S_HL 5558 copy 2_flipLR,Crop___DIsease,1,0,0,62497,0.9536,0.0,1.0,0.0,0.0,0.0
f8cfcbb0-78fc-4610-9555-24b5774003b3___R.S_HL 8274 copy(1),Crop___DIsease,1,0,0,63602,0.9705,0.0,1.0,0.0,0.0,0.0
f8cfcbb0-78fc-4610-9555-24b5774003b3___R.S_HL 8274 copy,Crop___DIsease,1,0,0,63602,0.9705,0.0,1.0,0.0,0.0,0.0
f8cfcbb0-78fc-4610-9555-24b5774003b3___R.S_HL 8274 copy_flipLR(1),Crop___DIsease,1,0,0,63464,0.9684,0.0,1.0,0.0,0.0,0.0
f8cfcbb0-78fc-4610-9555-24b5774003b3___R.S_HL 8274 copy_flipLR,Crop___DIsease,1,0,0,63464,0.9684,0.0,1.0,0.0,0.0,0.0
f8f2663a-df9b-4c0b-bddc-0f0c6fc5c7cf___R.S_HL 8126 copy,Crop___DIsease,1,0,0,54172,0.8266,0.0,1.0,0.0,0.0,0.0
f8f2663a-df9b-4c0b-bddc-0f0c6fc5c7cf___R.S_HL 8126 copy_flipLR(1),Crop___DIsease,1,0,0,54178,0.8267,0.0,1.0,0.0,0.0,0.0
f8f42808-dfeb-4d02-9a92-cdb138ad28b5___R.S_HL 7988 copy(1),Crop___DIsease,1,0,0,57777,0.8816,0.0,1.0,0.0,0.0,0.0
f8f42808-dfeb-4d02-9a92-cdb138ad28b5___R.S_HL 7988 copy,Crop___DIsease,1,0,0,57777,0.8816,0.0,1.0,0.0,0.0,0.0
f8f42808-dfeb-4d02-9a92-cdb138ad28b5___R.S_HL 7988 copy_flipLR(1),Crop___DIsease,1,0,0,57736,0.881,0.0,1.0,0.0,0.0,0.0
f8f42808-dfeb-4d02-9a92-cdb138ad28b5___R.S_HL 7988 copy_flipLR,Crop___DIsease,1,0,0,57736,0.881,0.0,1.0,0.0,0.0,0.0
f924ef4a-eb10-4bc8-9a3d-24a2a3090798___R.S_HL 8336 copy 3(1),Crop___DIsease,1,0,0,51628,0.7878,0.0,1.0,0.0,0.0,0.0
f924ef4a-eb10-4bc8-9a3d-24a2a3090798___R.S_HL 8336 copy 3,Crop___DIsease,1,0,0,51628,0.7878,0.0,1.0,0.0,0.0,0.0
f924ef4a-eb10-4bc8-9a3d-24a2a3090798___R.S_HL 8336 copy 3_flipLR(1),Crop___DIsease,1,0,0,51721,0.7892,0.0,1.0,0.0,0.0,0.0
f9276b30-6706-47b2-9396-3799808cc29a___RS_NLB 4262_180deg(1),Crop___DIsease,1,1,65025,47712,0.728,1.0,1.0,1.0,0.0,1.0
f9276b30-6706-47b2-9396-3799808cc29a___RS_NLB 4262_180deg,Crop___DIsease,1,1,65025,47712,0.728,1.0,1.0,1.0,0.0,1.0
f9276b30-6706-47b2-9396-3799808cc29a___RS_NLB 4262_flipTB(1),Crop___DIsease,1,1,65280,47708,0.728,1.0,1.0,1.0,0.0,1.0
f9276b30-6706-47b2-9396-3799808cc29a___RS_NLB 4262_flipTB,Crop___DIsease,1,1,65280,47708,0.728,1.0,1.0,1.0,0.0,1.0
f9b74a5f-2ccc-4c11-8472-c5270ddfbee0___R.S_HL 5517 copy 2,Crop___DIsease,1,0,0,56637,0.8642,0.0,1.0,0.0,0.0,0.0
f9e08c76-e2fe-4498-9f90-0b47ffac0e62___RS_NLB 3820(1),Crop___DIsease,1,1,61455,32962,0.503,1.0,1.0,1.0,0.0,1.0
f9e08c76-e2fe-4498-9f90-0b47ffac0e62___RS_NLB 3820,Crop___DIsease,1,1,61455,32962,0.503,1.0,1.0,1.0,0.0,1.0
f9e08c76-e2fe-4498-9f90-0b47ffac0e62___RS_NLB 3820_180deg(1),Crop___DIsease,1,1,61455,32989,0.5034,1.0,1.0,1.0,0.0,1.0
f9e08c76-e2fe-4498-9f90-0b47ffac0e62___RS_NLB 3820_180deg,Crop___DIsease,1,1,61455,32989,0.5034,1.0,1.0,1.0,0.0,1.0
f9e08c76-e2fe-4498-9f90-0b47ffac0e62___RS_NLB 3820_flipTB(1),Crop___DIsease,1,1,61696,32962,0.503,1.0,1.0,1.0,0.0,1.0
f9e08c76-e2fe-4498-9f90-0b47ffac0e62___RS_NLB 3820_flipTB,Crop___DIsease,1,1,61696,32962,0.503,1.0,1.0,1.0,0.0,1.0
fa30c8e9-b74d-49a2-8611-c9b9098e21c3___RS_NLB 3507(1),Crop___DIsease,2,2,65955,36290,0.5537,1.0,1.0,1.0,0.0,1.0
fa30c8e9-b74d-49a2-8611-c9b9098e21c3___RS_NLB 3507,Crop___DIsease,2,2,65955,36290,0.5537,1.0,1.0,1.0,0.0,1.0
fa30c8e9-b74d-49a2-8611-c9b9098e21c3___RS_NLB 3507_180deg(1),Crop___DIsease,2,2,65886,36339,0.5545,1.0,1.0,1.0,0.0,1.0
fa30c8e9-b74d-49a2-8611-c9b9098e21c3___RS_NLB 3507_180deg,Crop___DIsease,2,2,65886,36339,0.5545,1.0,1.0,1.0,0.0,1.0
fa30c8e9-b74d-49a2-8611-c9b9098e21c3___RS_NLB 3507_flipTB(1),Crop___DIsease,2,2,66176,36290,0.5537,1.0,1.0,1.0,0.0,1.0
fa68b0df-6b2d-4f63-b780-757a63e16e34___R.S_HL 8329 copy_flipLR,Crop___DIsease,1,0,0,55563,0.8478,0.0,1.0,0.0,0.0,0.0
fa7637b2-bfae-41c0-ba18-b9f3d0778ec3___R.S_HL 0622 copy(1),Crop___DIsease,1,0,0,65536,1.0,0.0,1.0,0.0,0.0,0.0
fa7637b2-bfae-41c0-ba18-b9f3d0778ec3___R.S_HL 0622 copy,Crop___DIsease,1,0,0,65536,1.0,0.0,1.0,0.0,0.0,0.0
fa7637b2-bfae-41c0-ba18-b9f3d0778ec3___R.S_HL 0622 copy_flipLR(1),Crop___DIsease,1,0,0,65536,1.0,0.0,1.0,0.0,0.0,0.0
fa7637b2-bfae-41c0-ba18-b9f3d0778ec3___R.S_HL 0622 copy_flipLR,Crop___DIsease,1,0,0,65536,1.0,0.0,1.0,0.0,0.0,0.0
fa7d8ffc-4e21-4a6d-9042-63fa7e4a1df0___R.S_HL 0636 copy 3(1),Crop___DIsease,1,0,0,62199,0.9491,0.0,1.0,0.0,0.0,0.0
fa7d8ffc-4e21-4a6d-9042-63fa7e4a1df0___R.S_HL 0636 copy 3,Crop___DIsease,1,0,0,62199,0.9491,0.0,1.0,0.0,0.0,0.0
fa7d8ffc-4e21-4a6d-9042-63fa7e4a1df0___R.S_HL 0636 copy 3_flipLR(1),Crop___DIsease,1,0,0,62235,0.9496,0.0,1.0,0.0,0.0,0.0
fa7d8ffc-4e21-4a6d-9042-63fa7e4a1df0___R.S_HL 0636 copy 3_flipLR,Crop___DIsease,1,0,0,62235,0.9496,0.0,1.0,0.0,0.0,0.0
faab655c-70a6-4888-9a14-48a4bfedc46e___R.S_HL 5556 copy,Crop___DIsease,1,0,0,57383,0.8756,0.0,1.0,0.0,0.0,0.0
faab655c-70a6-4888-9a14-48a4bfedc46e___R.S_HL 5556 copy_flipLR,Crop___DIsease,1,0,0,57383,0.8756,0.0,1.0,0.0,0.0,0.0
fae01c0a-db82-4189-9193-bdad09ede531___RS_NLB 4165 copy_180deg(1),Crop___DIsease,2,2,66180,39533,0.6032,1.0,1.0,1.0,0.0,1.0
fae01c0a-db82-4189-9193-bdad09ede531___RS_NLB 4165 copy_flipTB(1),Crop___DIsease,2,2,66556,39561,0.6037,1.0,1.0,1.0,0.0,1.0
faf9f997-3a4d-4723-bb16-ce26362afd77___R.S_HL 8114 copy_flipLR(1),Crop___DIsease,1,0,0,43591,0.6651,0.0,1.0,0.0,0.0,0.0
fb1e8075-1546-4c0a-bef1-e18642415358___RS_NLB 3966_180deg,Crop___DIsease,1,1,45390,21299,0.325,1.0,1.0,1.0,0.0,1.0
fb1e8075-1546-4c0a-bef1-e18642415358___RS_NLB 3966_flipTB(1),Crop___DIsease,2,2,100215,21309,0.3251,1.0,1.0,1.0,0.0,1.0
fb1e8075-1546-4c0a-bef1-e18642415358___RS_NLB 3966_flipTB,Crop___DIsease,2,2,100215,21309,0.3251,1.0,1.0,1.0,0.0,1.0
fb47273a-ffa1-460e-982f-05cb4be25094___R.S_HL 0635 copy 2(1),Crop___DIsease,1,0,0,49688,0.7582,0.0,1.0,0.0,0.0,0.0
fb47273a-ffa1-460e-982f-05cb4be25094___R.S_HL 0635 copy 2,Crop___DIsease,1,0,0,49688,0.7582,0.0,1.0,0.0,0.0,0.0
fb47273a-ffa1-460e-982f-05cb4be25094___R.S_HL 0635 copy 2_flipLR(1),Crop___DIsease,1,0,0,49742,0.759,0.0,1.0,0.0,0.0,0.0
fb47273a-ffa1-460e-982f-05cb4be25094___R.S_HL 0635 copy 2_flipLR,Crop___DIsease,1,0,0,49742,0.759,0.0,1.0,0.0,0.0,0.0
fb65bef4-b6c2-49d8-86dd-be1e72bdb43d___R.S_HL 0611 copy(1),Crop___DIsease,1,0,0,64120,0.9784,0.0,1.0,0.0,0.0,0.0
fb65bef4-b6c2-49d8-86dd-be1e72bdb43d___R.S_HL 0611 copy_flipLR(1),Crop___DIsease,1,0,0,64136,0.9786,0.0,1.0,0.0,0.0,0.0
fb65bef4-b6c2-49d8-86dd-be1e72bdb43d___R.S_HL 0611 copy_flipLR,Crop___DIsease,1,0,0,64136,0.9786,0.0,1.0,0.0,0.0,0.0
fb7c73e2-6f3a-4dcc-bc31-217f37512d68___R.S_HL 8293 copy(1),Crop___DIsease,1,0,0,65536,1.0,0.0,1.0,0.0,0.0,0.0
fb7c73e2-6f3a-4dcc-bc31-217f37512d68___R.S_HL 8293 copy,Crop___DIsease,1,0,0,65536,1.0,0.0,1.0,0.0,0.0,0.0
fb7c73e2-6f3a-4dcc-bc31-217f37512d68___R.S_HL 8293 copy_flipLR(1),Crop___DIsease,1,0,0,65536,1.0,0.0,1.0,0.0,0.0,0.0
fb83c22d-b379-48c7-bccc-aebdfd19eda0___RS_NLB 4252_flipTB(1),Crop___DIsease,2,2,44808,39094,0.5965,1.0,1.0,1.0,0.0,1.0
fb83c22d-b379-48c7-bccc-aebdfd19eda0___RS_NLB 4252_flipTB,Crop___DIsease,2,2,44808,39094,0.5965,1.0,1.0,1.0,0.0,1.0
fb8ff65c-92ef-4607-9a43-ee2e2f8f4c05___R.S_HL 7997 copy 3(1),Crop___DIsease,1,0,0,59839,0.9131,0.0,1.0,0.0,0.0,0.0
fb8ff65c-92ef-4607-9a43-ee2e2f8f4c05___R.S_HL 7997 copy 3,Crop___DIsease,1,0,0,59839,0.9131,0.0,1.0,0.0,0.0,0.0
fb8ff65c-92ef-4607-9a43-ee2e2f8f4c05___R.S_HL 7997 copy 3_flipLR(1),Crop___DIsease,1,0,0,59808,0.9126,0.0,1.0,0.0,0.0,0.0
fb8ff65c-92ef-4607-9a43-ee2e2f8f4c05___R.S_HL 7997 copy 3_flipLR,Crop___DIsease,1,0,0,59808,0.9126,0.0,1.0,0.0,0.0,0.0
fc19258c-634e-4cc0-b6cf-0144c550ed80___RS_NLB 3834 copy(1),Crop___DIsease,1,1,65280,37999,0.5798,1.0,1.0,1.0,0.0,1.0
fc19258c-634e-4cc0-b6cf-0144c550ed80___RS_NLB 3834 copy,Crop___DIsease,1,1,65280,37999,0.5798,1.0,1.0,1.0,0.0,1.0
fc19258c-634e-4cc0-b6cf-0144c550ed80___RS_NLB 3834 copy_180deg(1),Crop___DIsease,2,2,73210,37960,0.5792,1.0,1.0,1.0,0.0,1.0
fc19258c-634e-4cc0-b6cf-0144c550ed80___RS_NLB 3834 copy_180deg,Crop___DIsease,2,2,73210,37960,0.5792,1.0,1.0,1.0,0.0,1.0
fc1c72a4-1aff-4ebf-83ed-909a7b9dc382___RS_NLB  4670_180deg(1),Crop___DIsease,1,1,54528,41535,0.6338,1.0,1.0,1.0,0.0,1.0
fc1c72a4-1aff-4ebf-83ed-909a7b9dc382___RS_NLB  4670_180deg,Crop___DIsease,1,1,54528,41535,0.6338,1.0,1.0,1.0,0.0,1.0
fc1c72a4-1aff-4ebf-83ed-909a7b9dc382___RS_NLB  4670_flipTB(1),Crop___DIsease,1,1,54528,41558,0.6341,1.0,1.0,1.0,0.0,1.0
fc1c72a4-1aff-4ebf-83ed-909a7b9dc382___RS_NLB  4670_flipTB,Crop___DIsease,1,1,54528,41558,0.6341,1.0,1.0,1.0,0.0,1.0
fc6b2569-68e4-49cc-bd4b-c27e037bd3c9___RS_NLB 3806(1),Crop___DIsease,1,1,62475,13790,0.2104,1.0,1.0,1.0,0.0,1.0
fc6b2569-68e4-49cc-bd4b-c27e037bd3c9___RS_NLB 3806,Crop___DIsease,1,1,62475,13790,0.2104,1.0,1.0,1.0,0.0,1.0
fc6b2569-68e4-49cc-bd4b-c27e037bd3c9___RS_NLB 3806_180deg(1),Crop___DIsease,1,1,62985,13779,0.2103,1.0,1.0,1.0,0.0,1.0
fc6b2569-68e4-49cc-bd4b-c27e037bd3c9___RS_NLB 3806_180deg,Crop___DIsease,1,1,62985,13779,0.2103,1.0,1.0,1.0,0.0,1.0
fc6b2569-68e4-49cc-bd4b-c27e037bd3c9___RS_NLB 3806_flipTB(1),Crop___DIsease,1,1,61965,13790,0.2104,1.0,1.0,1.0,0.0,1.0
fc84ca09-d6c7-493e-957b-c46b2055b702___RS_NLB 3836 copy 2(1),Crop___DIsease,1,1,65536,47015,0.7174,1.0,1.0,1.0,0.0,1.0
fc84ca09-d6c7-493e-957b-c46b2055b702___RS_NLB 3836 copy 2,Crop___DIsease,1,1,65536,47015,0.7174,1.0,1.0,1.0,0.0,1.0
fc84ca09-d6c7-493e-957b-c46b2055b702___RS_NLB 3836 copy 2_180deg(1),Crop___DIsease,1,1,65536,47175,0.7198,1.0,1.0,1.0,0.0,1.0
fc84ca09-d6c7-493e-957b-c46b2055b702___RS_NLB 3836 copy 2_180deg,Crop___DIsease,1,1,65536,47175,0.7198,1.0,1.0,1.0,0.0,1.0
fc84ca09-d6c7-493e-957b-c46b2055b702___RS_NLB 3836 copy 2_flipTB(1),Crop___DIsease,1,1,65536,47015,0.7174,1.0,1.0,1.0,0.0,1.0
fc84ca09-d6c7-493e-957b-c46b2055b702___RS_NLB 3836 copy 2_flipTB,Crop___DIsease,1,1,65536,47015,0.7174,1.0,1.0,1.0,0.0,1.0
fcb98d78-51be-4ecc-bcef-970180fa8c5f___R.S_HL 5561 copy 2(1),Crop___DIsease,1,0,0,63066,0.9623,0.0,1.0,0.0,0.0,0.0
fcb98d78-51be-4ecc-bcef-970180fa8c5f___R.S_HL 5561 copy 2,Crop___DIsease,1,0,0,63066,0.9623,0.0,1.0,0.0,0.0,0.0
fcb98d78-51be-4ecc-bcef-970180fa8c5f___R.S_HL 5561 copy 2_flipLR(1),Crop___DIsease,1,0,0,63081,0.9625,0.0,1.0,0.0,0.0,0.0
fcb98d78-51be-4ecc-bcef-970180fa8c5f___R.S_HL 5561 copy 2_flipLR,Crop___DIsease,1,0,0,63081,0.9625,0.0,1.0,0.0,0.0,0.0
fcd349a6-5361-40b6-a650-f8319a6d1d58___RS_NLB 3783,Crop___DIsease,1,1,46155,30522,0.4657,1.0,1.0,1.0,0.0,1.0
fcd349a6-5361-40b6-a650-f8319a6d1d58___RS_NLB 3783_180deg(1),Crop___DIsease,1,1,46155,30538,0.466,1.0,1.0,1.0,0.0,1.0
fcd349a6-5361-40b6-a650-f8319a6d1d58___RS_NLB 3783_180deg,Crop___DIsease,1,1,46155,30538,0.466,1.0,1.0,1.0,0.0,1.0
fcd349a6-5361-40b6-a650-f8319a6d1d58___RS_NLB 3783_flipTB(1),Crop___DIsease,1,1,46848,30522,0.4657,1.0,1.0,1.0,0.0,1.0
fcd349a6-5361-40b6-a650-f8319a6d1d58___RS_NLB 3783_flipTB,Crop___DIsease,1,1,46848,30522,0.4657,1.0,1.0,1.0,0.0,1.0
fcdc4514-7dfa-4003-aebd-27692e0853dd___RS_NLB 3705_180deg(1),Crop___DIsease,2,2,69464,50678,0.7733,1.0,1.0,1.0,0.0,1.0
fcdc4514-7dfa-4003-aebd-27692e0853dd___RS_NLB 3705_180deg,Crop___DIsease,2,2,69464,50678,0.7733,1.0,1.0,1.0,0.0,1.0
fcdc4514-7dfa-4003-aebd-27692e0853dd___RS_NLB 3705_flipTB(1),Crop___DIsease,2,2,69309,50669,0.7731,1.0,1.0,1.0,0.0,1.0
fcdc4514-7dfa-4003-aebd-27692e0853dd___RS_NLB 3705_flipTB,Crop___DIsease,2,2,69309,50669,0.7731,1.0,1.0,1.0,0.0,1.0
fce4ba31-79ff-4a4e-8666-7341f9fde957___R.S_HL 8061 copy 2,Crop___DIsease,1,0,0,48835,0.7452,0.0,1.0,0.0,0.0,0.0
fcfa46d6-10f0-43ba-a5e6-de37e62ccfb0___R.S_HL 5557 copy 2,Crop___DIsease,1,0,0,57036,0.8703,0.0,1.0,0.0,0.0,0.0
fcfa46d6-10f0-43ba-a5e6-de37e62ccfb0___R.S_HL 5557 copy 2_flipLR(1),Crop___DIsease,1,0,0,57024,0.8701,0.0,1.0,0.0,0.0,0.0
fcfa46d6-10f0-43ba-a5e6-de37e62ccfb0___R.S_HL 5557 copy 2_flipLR,Crop___DIsease,1,0,0,57024,0.8701,0.0,1.0,0.0,0.0,0.0
fd4eff3c-6bfb-42ad-bc34-5ae0f7e30c0f___RS_NLB 0769_180deg(1),Crop___DIsease,2,2,76620,47297,0.7217,1.0,1.0,1.0,0.0,1.0
fd4eff3c-6bfb-42ad-bc34-5ae0f7e30c0f___RS_NLB 0769_180deg,Crop___DIsease,2,2,76620,47297,0.7217,1.0,1.0,1.0,0.0,1.0
fd4eff3c-6bfb-42ad-bc34-5ae0f7e30c0f___RS_NLB 0769_flipTB(1),Crop___DIsease,2,2,76410,47281,0.7215,1.0,1.0,1.0,0.0,1.0
fd4eff3c-6bfb-42ad-bc34-5ae0f7e30c0f___RS_NLB 0769_flipTB,Crop___DIsease,2,2,76410,47281,0.7215,1.0,1.0,1.0,0.0,1.0
fd5e4e95-b324-47c3-89d1-2eee2f82fa38___R.S_HL 8330 copy 4(1),Crop___DIsease,1,0,0,61893,0.9444,0.0,1.0,0.0,0.0,0.0
fd5e4e95-b324-47c3-89d1-2eee2f82fa38___R.S_HL 8330 copy 4,Crop___DIsease,1,0,0,61893,0.9444,0.0,1.0,0.0,0.0,0.0
fd5e4e95-b324-47c3-89d1-2eee2f82fa38___R.S_HL 8330 copy 4_flipLR,Crop___DIsease,1,0,0,61892,0.9444,0.0,1.0,0.0,0.0,0.0
fd92bd9c-02cb-4599-8673-9316159504a1___RS_HL 1927,Crop___DIsease,1,0,0,30839,0.4706,0.0,1.0,0.0,0.0,0.0
fd92bd9c-02cb-4599-8673-9316159504a1___RS_HL 1927_180deg,Crop___DIsease,1,0,0,30844,0.4706,0.0,1.0,0.0,0.0,0.0
fd92bd9c-02cb-4599-8673-9316159504a1___RS_HL 1927_270deg,Crop___DIsease,1,0,0,30881,0.4712,0.0,1.0,0.0,0.0,0.0
fd92bd9c-02cb-4599-8673-9316159504a1___RS_HL 1927_90deg,Crop___DIsease,1,0,0,30860,0.4709,0.0,1.0,0.0,0.0,0.0
fd92bd9c-02cb-4599-8673-9316159504a1___RS_HL 1927_flipLR,Crop___DIsease,1,0,0,30844,0.4706,0.0,1.0,0.0,0.0,0.0
fd92bd9c-02cb-4599-8673-9316159504a1___RS_HL 1927_new200degFlipLR,Crop___DIsease,1,0,0,31009,0.4732,0.0,1.0,0.0,0.0,0.0
fd92bd9c-02cb-4599-8673-9316159504a1___RS_HL 1927_new200degFlipTB,Crop___DIsease,1,0,0,31004,0.4731,0.0,1.0,0.0,0.0,0.0
fd92bd9c-02cb-4599-8673-9316159504a1___RS_HL 1927_new30degFlipLR,Crop___DIsease,1,0,0,30968,0.4725,0.0,1.0,0.0,0.0,0.0
fd92bd9c-02cb-4599-8673-9316159504a1___RS_HL 1927_new30degFlipTB,Crop___DIsease,1,0,0,30966,0.4725,0.0,1.0,0.0,0.0,0.0
fd92bd9c-02cb-4599-8673-9316159504a1___RS_HL 1927_new90degFlipLR,Crop___DIsease,1,0,0,30860,0.4709,0.0,1.0,0.0,0.0,0.0
fd92bd9c-02cb-4599-8673-9316159504a1___RS_HL 1927_new90degFlipTB,Crop___DIsease,1,0,0,30860,0.4709,0.0,1.0,0.0,0.0,0.0
fd92bd9c-02cb-4599-8673-9316159504a1___RS_HL 1927_newGGR,Crop___DIsease,1,0,0,0,0.0,0,1.0,0.0,0.0,0.0
fd92bd9c-02cb-4599-8673-9316159504a1___RS_HL 1927_newGRR,Crop___DIsease,1,0,0,22,0.0003,0.0,1.0,0.0,0.0,0.0
fd92bd9c-02cb-4599-8673-9316159504a1___RS_HL 1927_newPixel25,Crop___DIsease,1,0,0,19577,0.2987,0.0,1.0,0.0,0.0,0.0
fd97c512-f9cf-42ce-9a67-48951418db99___R.S_HL 7935 copy 3(1),Crop___DIsease,1,0,0,54902,0.8377,0.0,1.0,0.0,0.0,0.0
fd97c512-f9cf-42ce-9a67-48951418db99___R.S_HL 7935 copy 3,Crop___DIsease,1,0,0,54902,0.8377,0.0,1.0,0.0,0.0,0.0
fd9c7938-4f3f-448d-851b-042e287515f0___RS_NLB 3990(1),Crop___DIsease,1,1,65536,14791,0.2257,1.0,1.0,1.0,0.0,1.0
fd9c7938-4f3f-448d-851b-042e287515f0___RS_NLB 3990,Crop___DIsease,1,1,65536,14791,0.2257,1.0,1.0,1.0,0.0,1.0
fd9c7938-4f3f-448d-851b-042e287515f0___RS_NLB 3990_180deg(1),Crop___DIsease,1,1,65536,14791,0.2257,1.0,1.0,1.0,0.0,1.0
fd9c7938-4f3f-448d-851b-042e287515f0___RS_NLB 3990_180deg,Crop___DIsease,1,1,65536,14791,0.2257,1.0,1.0,1.0,0.0,1.0
fd9c7938-4f3f-448d-851b-042e287515f0___RS_NLB 3990_flipTB,Crop___DIsease,2,2,88832,14791,0.2257,1.0,1.0,1.0,0.0,1.0
fda22c64-49ee-4863-a94e-6e16ca177099___RS_NLB 3798(1),Crop___DIsease,2,2,37520,11691,0.1784,1.0,1.0,1.0,0.0,1.0
fda22c64-49ee-4863-a94e-6e16ca177099___RS_NLB 3798,Crop___DIsease,2,2,37520,11691,0.1784,1.0,1.0,1.0,0.0,1.0
fdca88b7-bd2e-472a-b48f-7a5347d72f04___RS_NLB 3511(1),Crop___DIsease,2,2,74200,49811,0.7601,1.0,1.0,1.0,0.0,1.0
fdca88b7-bd2e-472a-b48f-7a5347d72f04___RS_NLB 3511,Crop___DIsease,2,2,74200,49811,0.7601,1.0,1.0,1.0,0.0,1.0
fdca88b7-bd2e-472a-b48f-7a5347d72f04___RS_NLB 3511_180deg(1),Crop___DIsease,2,2,74774,49815,0.7601,1.0,1.0,1.0,0.0,1.0
fdca88b7-bd2e-472a-b48f-7a5347d72f04___RS_NLB 3511_180deg,Crop___DIsease,2,2,74774,49815,0.7601,1.0,1.0,1.0,0.0,1.0
fdcf2bae-41a2-4c83-897f-31dd0b4e540c___R.S_HL 8225 copy 2,Crop___DIsease,1,0,0,59903,0.914,0.0,1.0,0.0,0.0,0.0
fde63485-cc2d-4774-9cf3-a77073790552___R.S_HL 8309 copy(1),Crop___DIsease,1,0,0,59281,0.9046,0.0,1.0,0.0,0.0,0.0
fde63485-cc2d-4774-9cf3-a77073790552___R.S_HL 8309 copy,Crop___DIsease,1,0,0,59281,0.9046,0.0,1.0,0.0,0.0,0.0
fde63485-cc2d-4774-9cf3-a77073790552___R.S_HL 8309 copy_flipLR,Crop___DIsease,1,0,0,59277,0.9045,0.0,1.0,0.0,0.0,0.0
fdf1ccaa-1464-4159-bb51-5cf5dfb4b3c9___R.S_HL 7902 copy 2(1),Crop___DIsease,1,0,0,45210,0.6898,0.0,1.0,0.0,0.0,0.0
fdf1ccaa-1464-4159-bb51-5cf5dfb4b3c9___R.S_HL 7902 copy 2,Crop___DIsease,1,0,0,45210,0.6898,0.0,1.0,0.0,0.0,0.0
fdff294e-df6e-42eb-9bcf-edecf4002891___RS_NLB 4158_180deg(1),Crop___DIsease,1,1,62976,50610,0.7722,1.0,1.0,1.0,0.0,1.0
fdff294e-df6e-42eb-9bcf-edecf4002891___RS_NLB 4158_180deg,Crop___DIsease,1,1,62976,50610,0.7722,1.0,1.0,1.0,0.0,1.0
fdff294e-df6e-42eb-9bcf-edecf4002891___RS_NLB 4158_flipTB(1),Crop___DIsease,1,1,62976,50637,0.7727,1.0,1.0,1.0,0.0,1.0
fdff294e-df6e-42eb-9bcf-edecf4002891___RS_NLB 4158_flipTB,Crop___DIsease,1,1,62976,50637,0.7727,1.0,1.0,1.0,0.0,1.0
fe2aa542-8ace-4e0d-8315-48d4c6d023ef___RS_NLB 4271(1),Crop___DIsease,2,2,72288,44143,0.6736,1.0,1.0,1.0,0.0,1.0
fe2aa542-8ace-4e0d-8315-48d4c6d023ef___RS_NLB 4271_180deg(1),Crop___DIsease,2,2,72144,44137,0.6735,1.0,1.0,1.0,0.0,1.0
fe2aa542-8ace-4e0d-8315-48d4c6d023ef___RS_NLB 4271_180deg,Crop___DIsease,2,2,72144,44137,0.6735,1.0,1.0,1.0,0.0,1.0
fe2aa542-8ace-4e0d-8315-48d4c6d023ef___RS_NLB 4271_flipTB(1),Crop___DIsease,1,1,63240,44143,0.6736,1.0,1.0,1.0,0.0,1.0
fe2aa542-8ace-4e0d-8315-48d4c6d023ef___RS_NLB 4271_flipTB,Crop___DIsease,1,1,63240,44143,0.6736,1.0,1.0,1.0,0.0,1.0
fe301311-6c07-49d8-933a-aa10287b205e___R.S_HL 8220 copy 4(1),Crop___DIsease,1,0,0,53603,0.8179,0.0,1.0,0.0,0.0,0.0
fe301311-6c07-49d8-933a-aa10287b205e___R.S_HL 8220 copy 4,Crop___DIsease,1,0,0,53603,0.8179,0.0,1.0,0.0,0.0,0.0
fe301311-6c07-49d8-933a-aa10287b205e___R.S_HL 8220 copy 4_flipLR,Crop___DIsease,1,0,0,53622,0.8182,0.0,1.0,0.0,0.0,0.0
fe50a4b4-0e43-47d7-afdf-de6544ebbec9___R.S_HL 7952 copy 2(1),Crop___DIsease,1,0,0,55050,0.84,0.0,1.0,0.0,0.0,0.0
fe50a4b4-0e43-47d7-afdf-de6544ebbec9___R.S_HL 7952 copy 2,Crop___DIsease,1,0,0,55050,0.84,0.0,1.0,0.0,0.0,0.0
fe50a4b4-0e43-47d7-afdf-de6544ebbec9___R.S_HL 7952 copy 2_flipLR(1),Crop___DIsease,1,0,0,55053,0.84,0.0,1.0,0.0,0.0,0.0
fe50a4b4-0e43-47d7-afdf-de6544ebbec9___R.S_HL 7952 copy 2_flipLR,Crop___DIsease,1,0,0,55053,0.84,0.0,1.0,0.0,0.0,0.0
fe6ae74d-1f06-41bf-b4e9-30cac4019986___R.S_HL 8020 copy(1),Crop___DIsease,1,0,0,53068,0.8098,0.0,1.0,0.0,0.0,0.0
fe6ae74d-1f06-41bf-b4e9-30cac4019986___R.S_HL 8020 copy,Crop___DIsease,1,0,0,53068,0.8098,0.0,1.0,0.0,0.0,0.0
febf9991-3178-49f7-a46d-fe4177e8502a___R.S_HL 7982 copy(1),Crop___DIsease,1,0,0,54846,0.8369,0.0,1.0,0.0,0.0,0.0
febf9991-3178-49f7-a46d-fe4177e8502a___R.S_HL 7982 copy,Crop___DIsease,1,0,0,54846,0.8369,0.0,1.0,0.0,0.0,0.0
fec7d3b4-736b-4d95-92cb-2e8b302f7488___R.S_HL 8306 copy(1),Crop___DIsease,1,0,0,65536,1.0,0.0,1.0,0.0,0.0,0.0
fec7d3b4-736b-4d95-92cb-2e8b302f7488___R.S_HL 8306 copy,Crop___DIsease,1,0,0,65536,1.0,0.0,1.0,0.0,0.0,0.0
fec7d3b4-736b-4d95-92cb-2e8b302f7488___R.S_HL 8306 copy_flipLR(1),Crop___DIsease,1,0,0,65536,1.0,0.0,1.0,0.0,0.0,0.0
fec7d3b4-736b-4d95-92cb-2e8b302f7488___R.S_HL 8306 copy_flipLR,Crop___DIsease,1,0,0,65536,1.0,0.0,1.0,0.0,0.0,0.0
fed381d0-4407-4ec5-a178-d70ec1ca93d3___RS_NLB 3914,Crop___DIsease,1,1,42752,18187,0.2775,1.0,1.0,1.0,0.0,1.0
fed381d0-4407-4ec5-a178-d70ec1ca93d3___RS_NLB 3914_flipTB(1),Crop___DIsease,1,1,41728,18187,0.2775,1.0,1.0,1.0,0.0,1.0
fed381d0-4407-4ec5-a178-d70ec1ca93d3___RS_NLB 3914_flipTB,Crop___DIsease,1,1,41728,18187,0.2775,1.0,1.0,1.0,0.0,1.0
feddfdfa-14e3-4919-a527-814888364871___R.S_HL 5530 copy,Crop___DIsease,1,0,0,64552,0.985,0.0,1.0,0.0,0.0,0.0
ff1721eb-609e-4476-983d-a372b7469ab0___RS_NLB 4039 copy 2(1),Crop___DIsease,1,1,61952,38836,0.5926,1.0,1.0,1.0,0.0,1.0
ff1721eb-609e-4476-983d-a372b7469ab0___RS_NLB 4039 copy 2_180deg,Crop___DIsease,1,1,60416,38837,0.5926,1.0,1.0,1.0,0.0,1.0
ff1721eb-609e-4476-983d-a372b7469ab0___RS_NLB 4039 copy 2_flipTB(1),Crop___DIsease,1,1,60435,38836,0.5926,1.0,1.0,1.0,0.0,1.0
ff1721eb-609e-4476-983d-a372b7469ab0___RS_NLB 4039 copy 2_flipTB,Crop___DIsease,1,1,60435,38836,0.5926,1.0,1.0,1.0,0.0,1.0
ff339e47-52bb-4e16-8338-d056f7dcf525___R.S_HL 8108 copy_flipLR,Crop___DIsease,1,0,0,36286,0.5537,0.0,1.0,0.0,0.0,0.0
ff700844-68ad-4e99-8427-58a39c07f817___RS_HL 1860,Crop___DIsease,1,0,0,35853,0.5471,0.0,1.0,0.0,0.0,0.0
ff700844-68ad-4e99-8427-58a39c07f817___RS_HL 1860_180deg,Crop___DIsease,1,0,0,35852,0.5471,0.0,1.0,0.0,0.0,0.0
ff700844-68ad-4e99-8427-58a39c07f817___RS_HL 1860_270deg,Crop___DIsease,1,0,0,35901,0.5478,0.0,1.0,0.0,0.0,0.0
ff700844-68ad-4e99-8427-58a39c07f817___RS_HL 1860_90deg,Crop___DIsease,1,0,0,35983,0.5491,0.0,1.0,0.0,0.0,0.0
ff700844-68ad-4e99-8427-58a39c07f817___RS_HL 1860_flipLR,Crop___DIsease,1,0,0,35852,0.5471,0.0,1.0,0.0,0.0,0.0
ff700844-68ad-4e99-8427-58a39c07f817___RS_HL 1860_new200degFlipLR,Crop___DIsease,1,0,0,35935,0.5483,0.0,1.0,0.0,0.0,0.0
ff700844-68ad-4e99-8427-58a39c07f817___RS_HL 1860_new200degFlipTB,Crop___DIsease,1,0,0,35936,0.5483,0.0,1.0,0.0,0.0,0.0
ff700844-68ad-4e99-8427-58a39c07f817___RS_HL 1860_new30degFlipLR,Crop___DIsease,1,0,0,35926,0.5482,0.0,1.0,0.0,0.0,0.0
ff700844-68ad-4e99-8427-58a39c07f817___RS_HL 1860_new30degFlipTB,Crop___DIsease,1,0,0,35925,0.5482,0.0,1.0,0.0,0.0,0.0
ff700844-68ad-4e99-8427-58a39c07f817___RS_HL 1860_new90degFlipLR,Crop___DIsease,1,0,0,35964,0.5488,0.0,1.0,0.0,0.0,0.0
ff700844-68ad-4e99-8427-58a39c07f817___RS_HL 1860_new90degFlipTB,Crop___DIsease,1,0,0,35983,0.5491,0.0,1.0,0.0,0.0,0.0
ff700844-68ad-4e99-8427-58a39c07f817___RS_HL 1860_newGGR,Crop___DIsease,1,0,0,17,0.0003,0.0,1.0,0.0,0.0,0.0
ff700844-68ad-4e99-8427-58a39c07f817___RS_HL 1860_newPixel25,Crop___DIsease,1,0,0,25144,0.3837,0.0,1.0,0.0,0.0,0.0
ff78bd79-1823-4a96-8d42-e7cf12dc3127___R.S_HL 5546 copy 2(1),Crop___DIsease,1,0,0,51472,0.7854,0.0,1.0,0.0,0.0,0.0
ff78bd79-1823-4a96-8d42-e7cf12dc3127___R.S_HL 5546 copy 2,Crop___DIsease,1,0,0,51472,0.7854,0.0,1.0,0.0,0.0,0.0
ff78bd79-1823-4a96-8d42-e7cf12dc3127___R.S_HL 5546 copy 2_flipLR,Crop___DIsease,1,0,0,51437,0.7849,0.0,1.0,0.0,0.0,0.0
ff8577c3-ad10-4272-84f6-b7c6d6042d1f___RS_NLB 3506_180deg(1),Crop___DIsease,1,1,65024,56128,0.8564,1.0,1.0,1.0,0.0,1.0
ff8577c3-ad10-4272-84f6-b7c6d6042d1f___RS_NLB 3506_180deg,Crop___DIsease,1,1,65024,56128,0.8564,1.0,1.0,1.0,0.0,1.0
ff8577c3-ad10-4272-84f6-b7c6d6042d1f___RS_NLB 3506_flipTB(1),Crop___DIsease,1,1,65024,56151,0.8568,1.0,1.0,1.0,0.0,1.0
ff8577c3-ad10-4272-84f6-b7c6d6042d1f___RS_NLB 3506_flipTB,Crop___DIsease,1,1,65024,56151,0.8568,1.0,1.0,1.0,0.0,1.0
ffa82f14-8320-469b-a621-6475c92a4bb8___RS_NLB 3649(1),Crop___DIsease,1,1,63744,40175,0.613,1.0,1.0,1.0,0.0,1.0
ffa82f14-8320-469b-a621-6475c92a4bb8___RS_NLB 3649,Crop___DIsease,1,1,63744,40175,0.613,1.0,1.0,1.0,0.0,1.0
ffa82f14-8320-469b-a621-6475c92a4bb8___RS_NLB 3649_180deg(1),Crop___DIsease,2,2,67586,40126,0.6123,1.0,1.0,1.0,0.0,1.0
ffa82f14-8320-469b-a621-6475c92a4bb8___RS_NLB 3649_180deg,Crop___DIsease,2,2,67586,40126,0.6123,1.0,1.0,1.0,0.0,1.0
ffa82f14-8320-469b-a621-6475c92a4bb8___RS_NLB 3649_flipTB(1),Crop___DIsease,2,2,68025,40175,0.613,1.0,1.0,1.0,0.0,1.0
ffa82f14-8320-469b-a621-6475c92a4bb8___RS_NLB 3649_flipTB,Crop___DIsease,2,2,68025,40175,0.613,1.0,1.0,1.0,0.0,1.0
ffabec8d-50da-4a43-a3c6-a16c57700cf6___R.S_HL 5547 copy 2,Crop___DIsease,1,0,0,50671,0.7732,0.0,1.0,0.0,0.0,0.0
ffabec8d-50da-4a43-a3c6-a16c57700cf6___R.S_HL 5547 copy 2_flipLR(1),Crop___DIsease,1,0,0,50669,0.7731,0.0,1.0,0.0,0.0,0.0
ffabec8d-50da-4a43-a3c6-a16c57700cf6___R.S_HL 5547 copy 2_flipLR,Crop___DIsease,1,0,0,50669,0.7731,0.0,1.0,0.0,0.0,0.0
ffbc3745-0a6d-4145-8f92-781edc626d9f___RS_NLB 4260_180deg(1),Crop___DIsease,2,2,92928,51721,0.7892,1.0,1.0,1.0,0.0,1.0
ffbc3745-0a6d-4145-8f92-781edc626d9f___RS_NLB 4260_180deg,Crop___DIsease,2,2,92928,51721,0.7892,1.0,1.0,1.0,0.0,1.0
ffbc3745-0a6d-4145-8f92-781edc626d9f___RS_NLB 4260_flipTB(1),Crop___DIsease,2,2,84546,51716,0.7891,1.0,1.0,1.0,0.0,1.0
ffe53930-c98f-4c81-b82c-3eeab5da42a5___R.S_HL 8327 copy,Crop___DIsease,1,0,0,63838,0.9741,0.0,1.0,0.0,0.0,0.0
image (1),Crop___DIsease,1,0,0,35075,0.5352,0.0,1.0,0.0,0.0,0.0
image (10),Crop___DIsease,1,0,0,34796,0.5309,0.0,1.0,0.0,0.0,0.0
image (100),Crop___DIsease,1,0,0,28761,0.4389,0.0,1.0,0.0,0.0,0.0
image (101),Crop___DIsease,1,0,0,34154,0.5211,0.0,1.0,0.0,0.0,0.0
image (102),Crop___DIsease,1,0,0,34949,0.5333,0.0,1.0,0.0,0.0,0.0
image (103),Crop___DIsease,1,0,0,29039,0.4431,0.0,1.0,0.0,0.0,0.0
image (104),Crop___DIsease,1,0,0,32777,0.5001,0.0,1.0,0.0,0.0,0.0
image (105),Crop___DIsease,1,0,0,35692,0.5446,0.0,1.0,0.0,0.0,0.0
image (106),Crop___DIsease,1,0,0,24468,0.3734,0.0,1.0,0.0,0.0,0.0
image (107),Crop___DIsease,1,0,0,38812,0.5922,0.0,1.0,0.0,0.0,0.0
image (108),Crop___DIsease,2,0,0,31474,0.4803,0.0,1.0,0.0,0.0,0.0
image (109),Crop___DIsease,1,0,0,28393,0.4332,0.0,1.0,0.0,0.0,0.0
image (11),Crop___DIsease,1,0,0,31962,0.4877,0.0,1.0,0.0,0.0,0.0
image (110),Crop___DIsease,1,0,0,32381,0.4941,0.0,1.0,0.0,0.0,0.0
image (111),Crop___DIsease,1,0,0,29187,0.4454,0.0,1.0,0.0,0.0,0.0
image (112),Crop___DIsease,1,0,0,32449,0.4951,0.0,1.0,0.0,0.0,0.0
image (113),Crop___DIsease,1,0,0,35931,0.5483,0.0,1.0,0.0,0.0,0.0
image (114),Crop___DIsease,1,0,0,40541,0.6186,0.0,1.0,0.0,0.0,0.0
image (115),Crop___DIsease,1,0,0,36182,0.5521,0.0,1.0,0.0,0.0,0.0
image (116),Crop___DIsease,1,0,0,27971,0.4268,0.0,1.0,0.0,0.0,0.0
image (117),Crop___DIsease,1,0,0,27802,0.4242,0.0,1.0,0.0,0.0,0.0
image (118),Crop___DIsease,1,0,0,33515,0.5114,0.0,1.0,0.0,0.0,0.0
image (119),Crop___DIsease,1,0,0,29357,0.448,0.0,1.0,0.0,0.0,0.0
image (12),Crop___DIsease,1,0,0,33751,0.515,0.0,1.0,0.0,0.0,0.0
image (120),Crop___DIsease,1,0,0,30453,0.4647,0.0,1.0,0.0,0.0,0.0
image (121),Crop___DIsease,1,0,0,32356,0.4937,0.0,1.0,0.0,0.0,0.0
image (122),Crop___DIsease,1,0,0,35147,0.5363,0.0,1.0,0.0,0.0,0.0
image (123),Crop___DIsease,1,0,0,30642,0.4676,0.0,1.0,0.0,0.0,0.0
image (124),Crop___DIsease,1,0,0,31152,0.4753,0.0,1.0,0.0,0.0,0.0
image (125),Crop___DIsease,1,0,0,34430,0.5254,0.0,1.0,0.0,0.0,0.0
image (126),Crop___DIsease,1,0,0,29968,0.4573,0.0,1.0,0.0,0.0,0.0
image (127),Crop___DIsease,1,0,0,34423,0.5253,0.0,1.0,0.0,0.0,0.0
image (128),Crop___DIsease,1,0,0,35025,0.5344,0.0,1.0,0.0,0.0,0.0
image (129),Crop___DIsease,1,0,0,31722,0.484,0.0,1.0,0.0,0.0,0.0
image (13),Crop___DIsease,1,0,0,35812,0.5464,0.0,1.0,0.0,0.0,0.0
image (130),Crop___DIsease,1,0,0,34286,0.5232,0.0,1.0,0.0,0.0,0.0
image (131),Crop___DIsease,1,0,0,34833,0.5315,0.0,1.0,0.0,0.0,0.0
image (132),Crop___DIsease,1,0,0,31938,0.4873,0.0,1.0,0.0,0.0,0.0
image (133),Crop___DIsease,1,0,0,33854,0.5166,0.0,1.0,0.0,0.0,0.0
image (134),Crop___DIsease,1,0,0,30880,0.4712,0.0,1.0,0.0,0.0,0.0
image (135),Crop___DIsease,1,0,0,33654,0.5135,0.0,1.0,0.0,0.0,0.0
image (136),Crop___DIsease,1,0,0,35829,0.5467,0.0,1.0,0.0,0.0,0.0
image (137),Crop___DIsease,1,0,0,33734,0.5147,0.0,1.0,0.0,0.0,0.0
image (138),Crop___DIsease,1,0,0,31904,0.4868,0.0,1.0,0.0,0.0,0.0
image (139),Crop___DIsease,1,0,0,39264,0.5991,0.0,1.0,0.0,0.0,0.0
image (14),Crop___DIsease,1,0,0,33366,0.5091,0.0,1.0,0.0,0.0,0.0
image (140),Crop___DIsease,1,0,0,31608,0.4823,0.0,1.0,0.0,0.0,0.0
image (141),Crop___DIsease,1,0,0,37755,0.5761,0.0,1.0,0.0,0.0,0.0
image (142),Crop___DIsease,1,0,0,30473,0.465,0.0,1.0,0.0,0.0,0.0
image (143),Crop___DIsease,1,0,0,34251,0.5226,0.0,1.0,0.0,0.0,0.0
image (144),Crop___DIsease,1,0,0,30278,0.462,0.0,1.0,0.0,0.0,0.0
image (145),Crop___DIsease,1,0,0,32374,0.494,0.0,1.0,0.0,0.0,0.0
image (146),Crop___DIsease,1,0,0,30643,0.4676,0.0,1.0,0.0,0.0,0.0
image (147),Crop___DIsease,1,0,0,35580,0.5429,0.0,1.0,0.0,0.0,0.0
image (148),Crop___DIsease,1,0,0,31886,0.4865,0.0,1.0,0.0,0.0,0.0
image (149),Crop___DIsease,1,0,0,32320,0.4932,0.0,1.0,0.0,0.0,0.0
image (15),Crop___DIsease,1,0,0,36897,0.563,0.0,1.0,0.0,0.0,0.0
image (150),Crop___DIsease,1,0,0,33647,0.5134,0.0,1.0,0.0,0.0,0.0
image (151),Crop___DIsease,1,0,0,30839,0.4706,0.0,1.0,0.0,0.0,0.0
image (152),Crop___DIsease,1,0,0,35853,0.5471,0.0,1.0,0.0,0.0,0.0
image (16),Crop___DIsease,1,0,0,29624,0.452,0.0,1.0,0.0,0.0,0.0
image (17),Crop___DIsease,1,0,0,34367,0.5244,0.0,1.0,0.0,0.0,0.0
image (18),Crop___DIsease,1,0,0,35291,0.5385,0.0,1.0,0.0,0.0,0.0
image (19),Crop___DIsease,1,0,0,29701,0.4532,0.0,1.0,0.0,0.0,0.0
image (2),Crop___DIsease,1,0,0,35590,0.5431,0.0,1.0,0.0,0.0,0.0
image (20),Crop___DIsease,1,0,0,30425,0.4642,0.0,1.0,0.0,0.0,0.0
image (21),Crop___DIsease,1,0,0,30674,0.468,0.0,1.0,0.0,0.0,0.0
image (22),Crop___DIsease,1,0,0,27790,0.424,0.0,1.0,0.0,0.0,0.0
image (23),Crop___DIsease,2,0,0,27985,0.427,0.0,1.0,0.0,0.0,0.0
image (24),Crop___DIsease,1,0,0,27698,0.4226,0.0,1.0,0.0,0.0,0.0
image (25),Crop___DIsease,1,0,0,25994,0.3966,0.0,1.0,0.0,0.0,0.0
image (26),Crop___DIsease,1,0,0,32841,0.5011,0.0,1.0,0.0,0.0,0.0
image (27),Crop___DIsease,1,0,0,30669,0.468,0.0,1.0,0.0,0.0,0.0
image (28),Crop___DIsease,1,0,0,29708,0.4533,0.0,1.0,0.0,0.0,0.0
image (29),Crop___DIsease,1,0,0,33361,0.509,0.0,1.0,0.0,0.0,0.0
image (3),Crop___DIsease,1,0,0,35918,0.5481,0.0,1.0,0.0,0.0,0.0
image (30),Crop___DIsease,1,0,0,30539,0.466,0.0,1.0,0.0,0.0,0.0
image (31),Crop___DIsease,1,0,0,28439,0.4339,0.0,1.0,0.0,0.0,0.0
image (32),Crop___DIsease,1,0,0,32779,0.5002,0.0,1.0,0.0,0.0,0.0
image (33),Crop___DIsease,1,0,0,33282,0.5078,0.0,1.0,0.0,0.0,0.0
image (34),Crop___DIsease,1,0,0,32892,0.5019,0.0,1.0,0.0,0.0,0.0
image (35),Crop___DIsease,1,0,0,31579,0.4819,0.0,1.0,0.0,0.0,0.0
image (36),Crop___DIsease,1,0,0,30310,0.4625,0.0,1.0,0.0,0.0,0.0
image (37),Crop___DIsease,1,0,0,32136,0.4904,0.0,1.0,0.0,0.0,0.0
image (38),Crop___DIsease,1,0,0,33088,0.5049,0.0,1.0,0.0,0.0,0.0
image (39),Crop___DIsease,1,0,0,35321,0.539,0.0,1.0,0.0,0.0,0.0
image (4),Crop___DIsease,1,0,0,36263,0.5533,0.0,1.0,0.0,0.0,0.0
image (40),Crop___DIsease,1,0,0,34477,0.5261,0.0,1.0,0.0,0.0,0.0
image (41),Crop___DIsease,1,0,0,35365,0.5396,0.0,1.0,0.0,0.0,0.0
image (42),Crop___DIsease,1,0,0,28550,0.4356,0.0,1.0,0.0,0.0,0.0
image (43),Crop___DIsease,1,0,0,25703,0.3922,0.0,1.0,0.0,0.0,0.0
image (44),Crop___DIsease,1,0,0,33303,0.5082,0.0,1.0,0.0,0.0,0.0
image (45),Crop___DIsease,1,0,0,30603,0.467,0.0,1.0,0.0,0.0,0.0
image (46),Crop___DIsease,1,0,0,31670,0.4832,0.0,1.0,0.0,0.0,0.0
image (47),Crop___DIsease,1,0,0,39032,0.5956,0.0,1.0,0.0,0.0,0.0
image (48),Crop___DIsease,1,0,0,35373,0.5397,0.0,1.0,0.0,0.0,0.0
image (49),Crop___DIsease,1,0,0,33896,0.5172,0.0,1.0,0.0,0.0,0.0
image (5),Crop___DIsease,1,0,0,35534,0.5422,0.0,1.0,0.0,0.0,0.0
image (50),Crop___DIsease,1,0,0,30881,0.4712,0.0,1.0,0.0,0.0,0.0
image (51),Crop___DIsease,1,0,0,28958,0.4419,0.0,1.0,0.0,0.0,0.0
image (52),Crop___DIsease,1,0,0,31384,0.4789,0.0,1.0,0.0,0.0,0.0
image (53),Crop___DIsease,1,0,0,28957,0.4418,0.0,1.0,0.0,0.0,0.0
image (54),Crop___DIsease,1,0,0,31007,0.4731,0.0,1.0,0.0,0.0,0.0
image (55),Crop___DIsease,1,0,0,33493,0.5111,0.0,1.0,0.0,0.0,0.0
image (56),Crop___DIsease,2,0,0,31164,0.4755,0.0,1.0,0.0,0.0,0.0
image (57),Crop___DIsease,1,0,0,26194,0.3997,0.0,1.0,0.0,0.0,0.0
image (58),Crop___DIsease,1,0,0,36275,0.5535,0.0,1.0,0.0,0.0,0.0
image (59),Crop___DIsease,1,0,0,34134,0.5208,0.0,1.0,0.0,0.0,0.0
image (6),Crop___DIsease,1,0,0,32669,0.4985,0.0,1.0,0.0,0.0,0.0
image (60),Crop___DIsease,1,0,0,29533,0.4506,0.0,1.0,0.0,0.0,0.0
image (61),Crop___DIsease,1,0,0,39492,0.6026,0.0,1.0,0.0,0.0,0.0
image (62),Crop___DIsease,1,0,0,31136,0.4751,0.0,1.0,0.0,0.0,0.0
image (63),Crop___DIsease,1,0,0,34638,0.5285,0.0,1.0,0.0,0.0,0.0
image (64),Crop___DIsease,1,0,0,33527,0.5116,0.0,1.0,0.0,0.0,0.0
image (65),Crop___DIsease,2,0,0,30022,0.4581,0.0,1.0,0.0,0.0,0.0
image (66),Crop___DIsease,1,0,0,33260,0.5075,0.0,1.0,0.0,0.0,0.0
image (67),Crop___DIsease,1,0,0,31632,0.4827,0.0,1.0,0.0,0.0,0.0
image (68),Crop___DIsease,1,0,0,31001,0.473,0.0,1.0,0.0,0.0,0.0
image (69),Crop___DIsease,1,0,0,31134,0.4751,0.0,1.0,0.0,0.0,0.0
image (7),Crop___DIsease,1,0,0,32185,0.4911,0.0,1.0,0.0,0.0,0.0
image (70),Crop___DIsease,1,0,0,30582,0.4666,0.0,1.0,0.0,0.0,0.0
image (71),Crop___DIsease,1,0,0,33137,0.5056,0.0,1.0,0.0,0.0,0.0
image (72),Crop___DIsease,1,0,0,28768,0.439,0.0,1.0,0.0,0.0,0.0
image (73),Crop___DIsease,1,0,0,33578,0.5124,0.0,1.0,0.0,0.0,0.0
image (74),Crop___DIsease,1,0,0,35761,0.5457,0.0,1.0,0.0,0.0,0.0
image (740),Crop___DIsease,1,1,41400,25129,0.3834,1.0,1.0,1.0,0.0,1.0
image (741),Crop___DIsease,1,1,49504,29199,0.4455,1.0,1.0,1.0,0.0,1.0
image (742),Crop___DIsease,1,1,44730,26888,0.4103,1.0,1.0,1.0,0.0,1.0
image (743),Crop___DIsease,2,2,52494,26650,0.4066,1.0,1.0,1.0,0.0,1.0
image (745),Crop___DIsease,1,1,50561,20031,0.3056,1.0,1.0,1.0,0.0,1.0
image (746),Crop___DIsease,1,1,53424,29817,0.455,1.0,1.0,1.0,0.0,1.0
image (747),Crop___DIsease,2,2,50024,25522,0.3894,1.0,1.0,1.0,0.0,1.0
image (748),Crop___DIsease,1,1,55660,32129,0.4902,1.0,1.0,1.0,0.0,1.0
image (75),Crop___DIsease,1,0,0,34341,0.524,0.0,1.0,0.0,0.0,0.0
image (750),Crop___DIsease,1,1,40460,22158,0.3381,1.0,1.0,1.0,0.0,1.0
image (752),Crop___DIsease,1,1,54510,25644,0.3913,1.0,1.0,1.0,0.0,1.0
image (753),Crop___DIsease,1,1,52614,32715,0.4992,1.0,1.0,1.0,0.0,1.0
image (754),Crop___DIsease,1,1,54050,21956,0.335,1.0,1.0,1.0,0.0,1.0
image (756),Crop___DIsease,2,2,103898,19448,0.2968,1.0,1.0,1.0,0.0,1.0
image (757),Crop___DIsease,1,1,45144,22672,0.3459,1.0,1.0,1.0,0.0,1.0
image (758),Crop___DIsease,2,2,56450,26241,0.4004,1.0,1.0,1.0,0.0,1.0
image (759),Crop___DIsease,1,1,49910,23195,0.3539,1.0,1.0,1.0,0.0,1.0
image (76),Crop___DIsease,1,0,0,35548,0.5424,0.0,1.0,0.0,0.0,0.0
image (760),Crop___DIsease,1,1,51884,26011,0.3969,1.0,1.0,1.0,0.0,1.0
image (761),Crop___DIsease,1,1,53680,26809,0.4091,1.0,1.0,1.0,0.0,1.0
image (762),Crop___DIsease,1,1,53130,26162,0.3992,1.0,1.0,1.0,0.0,1.0
image (763),Crop___DIsease,1,1,56394,31730,0.4842,1.0,1.0,1.0,0.0,1.0
image (764),Crop___DIsease,1,1,52206,25222,0.3849,1.0,1.0,1.0,0.0,1.0
image (766),Crop___DIsease,1,1,52819,27614,0.4214,1.0,1.0,1.0,0.0,1.0
image (767),Crop___DIsease,1,1,45526,22867,0.3489,1.0,1.0,1.0,0.0,1.0
image (768),Crop___DIsease,1,1,54510,31669,0.4832,1.0,1.0,1.0,0.0,1.0
image (77),Crop___DIsease,1,0,0,36192,0.5522,0.0,1.0,0.0,0.0,0.0
image (770),Crop___DIsease,2,2,54204,33035,0.5041,1.0,1.0,1.0,0.0,1.0
image (772),Crop___DIsease,2,2,45232,20018,0.3055,1.0,1.0,1.0,0.0,1.0
image (774),Crop___DIsease,1,1,46968,26511,0.4045,1.0,1.0,1.0,0.0,1.0
image (776),Crop___DIsease,1,1,62720,38414,0.5862,1.0,1.0,1.0,0.0,1.0
image (777),Crop___DIsease,1,1,51728,14402,0.2198,1.0,1.0,1.0,0.0,1.0
image (778),Crop___DIsease,2,2,60578,32364,0.4938,1.0,1.0,1.0,0.0,1.0
image (779),Crop___DIsease,1,1,41347,22664,0.3458,1.0,1.0,1.0,0.0,1.0
image (78),Crop___DIsease,1,0,0,35203,0.5372,0.0,1.0,0.0,0.0,0.0
image (780),Crop___DIsease,1,1,57768,23213,0.3542,1.0,1.0,1.0,0.0,1.0
image (781),Crop___DIsease,1,1,48319,26835,0.4095,1.0,1.0,1.0,0.0,1.0
image (782),Crop___DIsease,1,1,50127,18809,0.287,1.0,1.0,1.0,0.0,1.0
image (783),Crop___DIsease,1,1,43442,18542,0.2829,1.0,1.0,1.0,0.0,1.0
image (785),Crop___DIsease,1,1,53966,32907,0.5021,1.0,1.0,1.0,0.0,1.0
image (786),Crop___DIsease,2,2,49944,24849,0.3792,1.0,1.0,1.0,0.0,1.0
image (787),Crop___DIsease,2,2,53758,28999,0.4425,1.0,1.0,1.0,0.0,1.0
image (789),Crop___DIsease,2,2,55928,30805,0.47,1.0,1.0,1.0,0.0,1.0
image (79),Crop___DIsease,1,0,0,32089,0.4896,0.0,1.0,0.0,0.0,0.0
image (791),Crop___DIsease,1,1,54492,12660,0.1932,1.0,1.0,1.0,0.0,1.0
image (792),Crop___DIsease,1,1,53361,31241,0.4767,1.0,1.0,1.0,0.0,1.0
image (793),Crop___DIsease,2,2,40224,28501,0.4349,1.0,1.0,1.0,0.0,1.0
image (794),Crop___DIsease,1,1,50380,23716,0.3619,1.0,1.0,1.0,0.0,1.0
image (795),Crop___DIsease,2,2,55902,25124,0.3834,1.0,1.0,1.0,0.0,1.0
image (796),Crop___DIsease,1,1,44485,19702,0.3006,1.0,1.0,1.0,0.0,1.0
image (797),Crop___DIsease,1,1,43225,17979,0.2743,1.0,1.0,1.0,0.0,1.0
image (799),Crop___DIsease,1,1,48816,20209,0.3084,1.0,1.0,1.0,0.0,1.0
image (8),Crop___DIsease,1,0,0,33353,0.5089,0.0,1.0,0.0,0.0,0.0
image (80),Crop___DIsease,1,0,0,34526,0.5268,0.0,1.0,0.0,0.0,0.0
image (800),Crop___DIsease,2,2,72297,9166,0.1399,1.0,1.0,1.0,0.0,1.0
image (801),Crop___DIsease,2,2,54619,35747,0.5455,1.0,1.0,1.0,0.0,1.0
image (803),Crop___DIsease,2,2,59852,23635,0.3606,1.0,1.0,1.0,0.0,1.0
image (804),Crop___DIsease,1,1,51959,25842,0.3943,1.0,1.0,1.0,0.0,1.0
image (805),Crop___DIsease,2,2,60156,31033,0.4735,1.0,1.0,1.0,0.0,1.0
image (806),Crop___DIsease,1,1,49062,27962,0.4267,1.0,1.0,1.0,0.0,1.0
image (807),Crop___DIsease,1,1,44238,24783,0.3782,1.0,1.0,1.0,0.0,1.0
image (808),Crop___DIsease,1,1,41580,27535,0.4202,1.0,1.0,1.0,0.0,1.0
image (81),Crop___DIsease,1,0,0,33998,0.5188,0.0,1.0,0.0,0.0,0.0
image (811),Crop___DIsease,1,1,57584,29397,0.4486,1.0,1.0,1.0,0.0,1.0
image (812),Crop___DIsease,1,1,37410,20288,0.3096,1.0,1.0,1.0,0.0,1.0
image (813),Crop___DIsease,1,1,39432,25976,0.3964,1.0,1.0,1.0,0.0,1.0
image (814),Crop___DIsease,2,2,57719,31378,0.4788,1.0,1.0,1.0,0.0,1.0
image (815),Crop___DIsease,1,1,52398,23024,0.3513,1.0,1.0,1.0,0.0,1.0
image (816),Crop___DIsease,2,2,53356,28250,0.4311,1.0,1.0,1.0,0.0,1.0
image (817),Crop___DIsease,1,1,51282,24861,0.3793,1.0,1.0,1.0,0.0,1.0
image (818),Crop___DIsease,1,1,45365,24489,0.3737,1.0,1.0,1.0,0.0,1.0
image (819),Crop___DIsease,1,1,49396,31531,0.4811,1.0,1.0,1.0,0.0,1.0
image (82),Crop___DIsease,1,0,0,30938,0.4721,0.0,1.0,0.0,0.0,0.0
image (820),Crop___DIsease,1,1,44298,21624,0.33,1.0,1.0,1.0,0.0,1.0
image (821),Crop___DIsease,3,3,61838,30245,0.4615,1.0,1.0,1.0,0.0,1.0
image (822),Crop___DIsease,2,2,56328,32460,0.4953,1.0,1.0,1.0,0.0,1.0
image (823),Crop___DIsease,2,2,60039,31756,0.4846,1.0,1.0,1.0,0.0,1.0
image (824),Crop___DIsease,3,3,92060,20405,0.3114,1.0,1.0,1.0,0.0,1.0
image (829),Crop___DIsease,1,1,50127,27982,0.427,1.0,1.0,1.0,0.0,1.0
image (83),Crop___DIsease,1,0,0,37479,0.5719,0.0,1.0,0.0,0.0,0.0
image (830),Crop___DIsease,1,1,53724,12867,0.1963,1.0,1.0,1.0,0.0,1.0
image (831),Crop___DIsease,2,2,51959,25158,0.3839,1.0,1.0,1.0,0.0,1.0
image (833),Crop___DIsease,2,2,55235,37427,0.5711,1.0,1.0,1.0,0.0,1.0
image (834),Crop___DIsease,2,2,45591,29021,0.4428,1.0,1.0,1.0,0.0,1.0
image (835),Crop___DIsease,1,1,46607,25959,0.3961,1.0,1.0,1.0,0.0,1.0
image (836),Crop___DIsease,1,1,42074,24032,0.3667,1.0,1.0,1.0,0.0,1.0
image (837),Crop___DIsease,2,2,51755,27962,0.4267,1.0,1.0,1.0,0.0,1.0
image (838),Crop___DIsease,1,1,50850,33905,0.5173,1.0,1.0,1.0,0.0,1.0
image (839),Crop___DIsease,2,2,63266,29250,0.4463,1.0,1.0,1.0,0.0,1.0
image (84),Crop___DIsease,1,0,0,36780,0.5612,0.0,1.0,0.0,0.0,0.0
image (841),Crop___DIsease,1,1,51067,29063,0.4435,1.0,1.0,1.0,0.0,1.0
image (842),Crop___DIsease,3,3,82623,15997,0.2441,1.0,1.0,1.0,0.0,1.0
image (843),Crop___DIsease,2,2,57306,27614,0.4214,1.0,1.0,1.0,0.0,1.0
image (844),Crop___DIsease,2,2,44076,26023,0.3971,1.0,1.0,1.0,0.0,1.0
image (845),Crop___DIsease,2,2,75937,14641,0.2234,1.0,1.0,1.0,0.0,1.0
image (846),Crop___DIsease,2,2,111622,30609,0.4671,1.0,1.0,1.0,0.0,1.0
image (847),Crop___DIsease,1,1,48124,28826,0.4398,1.0,1.0,1.0,0.0,1.0
image (848),Crop___DIsease,1,1,50600,32751,0.4997,1.0,1.0,1.0,0.0,1.0
image (849),Crop___DIsease,1,1,48642,26454,0.4037,1.0,1.0,1.0,0.0,1.0
image (85),Crop___DIsease,1,0,0,36873,0.5626,0.0,1.0,0.0,0.0,0.0
image (850),Crop___DIsease,2,2,43733,26075,0.3979,1.0,1.0,1.0,0.0,1.0
image (851),Crop___DIsease,2,2,95718,20386,0.3111,1.0,1.0,1.0,0.0,1.0
image (853),Crop___DIsease,2,2,43127,16978,0.2591,1.0,1.0,1.0,0.0,1.0
image (854),Crop___DIsease,1,1,56350,33937,0.5178,1.0,1.0,1.0,0.0,1.0
image (855),Crop___DIsease,1,1,41652,13725,0.2094,1.0,1.0,1.0,0.0,1.0
image (856),Crop___DIsease,1,0,0,33160,0.6746,0.0,1.0,0.0,0.0,0.0
image (857),Crop___DIsease,2,2,50361,26723,0.4078,1.0,1.0,1.0,0.0,1.0
image (858),Crop___DIsease,1,1,54918,5873,0.0896,1.0,1.0,1.0,0.0,1.0
image (859),Crop___DIsease,1,0,0,11575,0.2355,0.0,1.0,0.0,0.0,0.0
image (86),Crop___DIsease,1,0,0,21409,0.3267,0.0,1.0,0.0,0.0,0.0
image (860),Crop___DIsease,1,0,0,26765,0.5445,0.0,1.0,0.0,0.0,0.0
image (861),Crop___DIsease,1,1,50830,32971,0.5031,1.0,1.0,1.0,0.0,1.0
image (862),Crop___DIsease,1,1,48840,13035,0.1989,1.0,1.0,1.0,0.0,1.0
image (863),Crop___DIsease,1,0,0,11258,0.229,0.0,1.0,0.0,0.0,0.0
image (864),Crop___DIsease,1,0,0,695,0.0141,0.0,1.0,0.0,0.0,0.0
image (865),Crop___DIsease,1,0,0,5934,0.1207,0.0,1.0,0.0,0.0,0.0
image (866),Crop___DIsease,2,2,39372,27149,0.4143,1.0,1.0,1.0,0.0,1.0
image (867),Crop___DIsease,1,0,0,0,0.0,0,1.0,0.0,0.0,0.0
image (868),Crop___DIsease,1,1,52858,25600,0.3906,1.0,1.0,1.0,0.0,1.0
image (869),Crop___DIsease,1,1,50336,28170,0.4298,1.0,1.0,1.0,0.0,1.0
image (87),Crop___DIsease,1,0,0,38875,0.5932,0.0,1.0,0.0,0.0,0.0
image (871),Crop___DIsease,1,1,50336,30310,0.4625,1.0,1.0,1.0,0.0,1.0
image (872),Crop___DIsease,1,1,37052,16176,0.2468,1.0,1.0,1.0,0.0,1.0
image (874),Crop___DIsease,1,0,0,0,0.0,0,1.0,0.0,0.0,0.0
image (876),Crop___DIsease,1,1,47520,22996,0.3509,1.0,1.0,1.0,0.0,1.0
image (877),Crop___DIsease,2,2,56926,31596,0.4821,1.0,1.0,1.0,0.0,1.0
image (878),Crop___DIsease,2,0,0,3689,0.0751,0.0,1.0,0.0,0.0,0.0
image (879),Crop___DIsease,1,0,0,474,0.0096,0.0,1.0,0.0,0.0,0.0
image (88),Crop___DIsease,1,0,0,1909,0.0388,0.0,1.0,0.0,0.0,0.0
image (880),Crop___DIsease,1,0,0,3111,0.0633,0.0,1.0,0.0,0.0,0.0
image (881),Crop___DIsease,1,0,0,694,0.0141,0.0,1.0,0.0,0.0,0.0
image (883),Crop___DIsease,2,2,62142,23016,0.3512,1.0,1.0,1.0,0.0,1.0
image (884),Crop___DIsease,1,0,0,0,0.0,0,1.0,0.0,0.0,0.0
image (885),Crop___DIsease,1,0,0,8305,0.169,0.0,1.0,0.0,0.0,0.0
image (886),Crop___DIsease,1,1,49088,29070,0.4436,1.0,1.0,1.0,0.0,1.0
image (887),Crop___DIsease,1,0,0,28,0.0006,0.0,1.0,0.0,0.0,0.0
image (888),Crop___DIsease,1,0,0,0,0.0,0,1.0,0.0,0.0,0.0
image (889),Crop___DIsease,2,2,60474,32134,0.4903,1.0,1.0,1.0,0.0,1.0
image (89),Crop___DIsease,2,0,0,0,0.0,0,1.0,0.0,0.0,0.0
image (890),Crop___DIsease,1,0,0,1780,0.0362,0.0,1.0,0.0,0.0,0.0
image (891),Crop___DIsease,1,0,0,13728,0.2793,0.0,1.0,0.0,0.0,0.0
image (892),Crop___DIsease,1,1,49464,21257,0.3244,1.0,1.0,1.0,0.0,1.0
image (893),Crop___DIsease,1,0,0,0,0.0,0,1.0,0.0,0.0,0.0
image (894),Crop___DIsease,1,0,0,4421,0.0899,0.0,1.0,0.0,0.0,0.0
image (895),Crop___DIsease,2,2,64780,25129,0.3834,1.0,1.0,1.0,0.0,1.0
image (896),Crop___DIsease,1,1,53280,33329,0.5086,1.0,1.0,1.0,0.0,1.0
image (897),Crop___DIsease,1,0,0,43457,0.8841,0.0,1.0,0.0,0.0,0.0
image (898),Crop___DIsease,1,1,53261,33294,0.508,1.0,1.0,1.0,0.0,1.0
image (899),Crop___DIsease,1,1,45435,30272,0.4619,1.0,1.0,1.0,0.0,1.0
image (9),Crop___DIsease,1,0,0,4659,0.0948,0.0,1.0,0.0,0.0,0.0
image (90),Crop___DIsease,1,0,0,32714,0.4992,0.0,1.0,0.0,0.0,0.0
image (900),Crop___DIsease,1,0,0,13722,0.2792,0.0,1.0,0.0,0.0,0.0
image (901),Crop___DIsease,2,2,55958,32251,0.4921,1.0,1.0,1.0,0.0,1.0
image (902),Crop___DIsease,1,1,57096,27733,0.4232,1.0,1.0,1.0,0.0,1.0
image (903),Crop___DIsease,1,0,0,0,0.0,0,1.0,0.0,0.0,0.0
image (904),Crop___DIsease,1,0,0,173,0.0035,0.0,1.0,0.0,0.0,0.0
image (906),Crop___DIsease,3,3,52691,32139,0.4904,1.0,1.0,1.0,0.0,1.0
image (907),Crop___DIsease,1,1,49951,19256,0.2938,1.0,1.0,1.0,0.0,1.0
image (908),Crop___DIsease,2,2,53318,32535,0.4964,1.0,1.0,1.0,0.0,1.0
image (909),Crop___DIsease,2,0,0,0,0.0,0,1.0,0.0,0.0,0.0
image (91),Crop___DIsease,1,0,0,3942,0.0802,0.0,1.0,0.0,0.0,0.0
image (910),Crop___DIsease,1,0,0,34,0.0007,0.0,1.0,0.0,0.0,0.0
image (912),Crop___DIsease,1,1,58302,33600,0.5127,1.0,1.0,1.0,0.0,1.0
image (913),Crop___DIsease,1,0,0,0,0.0,0,1.0,0.0,0.0,0.0
image (914),Crop___DIsease,3,3,92955,28095,0.4287,1.0,1.0,1.0,0.0,1.0
image (915),Crop___DIsease,1,1,61750,35848,0.547,1.0,1.0,1.0,0.0,1.0
image (916),Crop___DIsease,1,0,0,0,0.0,0,1.0,0.0,0.0,0.0
image (917),Crop___DIsease,1,1,55575,35600,0.5432,1.0,1.0,1.0,0.0,1.0
image (918),Crop___DIsease,1,1,56133,21910,0.3343,1.0,1.0,1.0,0.0,1.0
image (919),Crop___DIsease,2,2,43700,23521,0.3589,1.0,1.0,1.0,0.0,1.0
image (92),Crop___DIsease,1,0,0,30045,0.4585,0.0,1.0,0.0,0.0,0.0
image (920),Crop___DIsease,1,1,47712,11540,0.1761,1.0,1.0,1.0,0.0,1.0
image (921),Crop___DIsease,1,1,57120,30411,0.464,1.0,1.0,1.0,0.0,1.0
image (922),Crop___DIsease,1,0,0,15066,0.3065,0.0,1.0,0.0,0.0,0.0
image (923),Crop___DIsease,1,0,0,23204,0.4721,0.0,1.0,0.0,0.0,0.0
image (924),Crop___DIsease,1,0,0,2779,0.0565,0.0,1.0,0.0,0.0,0.0
image (925),Crop___DIsease,1,1,60760,25890,0.3951,1.0,1.0,1.0,0.0,1.0
image (926),Crop___DIsease,1,0,0,10307,0.2097,0.0,1.0,0.0,0.0,0.0
image (927),Crop___DIsease,1,0,0,78,0.0016,0.0,1.0,0.0,0.0,0.0
image (928),Crop___DIsease,1,1,54675,33945,0.518,1.0,1.0,1.0,0.0,1.0
image (929),Crop___DIsease,1,0,0,3490,0.071,0.0,1.0,0.0,0.0,0.0
image (93),Crop___DIsease,1,0,0,28778,0.4391,0.0,1.0,0.0,0.0,0.0
image (930),Crop___DIsease,1,0,0,2763,0.0562,0.0,1.0,0.0,0.0,0.0
image (931),Crop___DIsease,1,0,0,0,0.0,0,1.0,0.0,0.0,0.0
image (932),Crop___DIsease,1,1,58764,32898,0.502,1.0,1.0,1.0,0.0,1.0
image (933),Crop___DIsease,1,0,0,1374,0.028,0.0,1.0,0.0,0.0,0.0
image (934),Crop___DIsease,7,0,0,4108,0.0836,0.0,1.0,0.0,0.0,0.0
image (935),Crop___DIsease,1,0,0,32262,0.6564,0.0,1.0,0.0,0.0,0.0
image (936),Crop___DIsease,2,0,0,64,0.0013,0.0,1.0,0.0,0.0,0.0
image (937),Crop___DIsease,1,0,0,26,0.0005,0.0,1.0,0.0,0.0,0.0
image (938),Crop___DIsease,1,1,59536,31781,0.4849,1.0,1.0,1.0,0.0,1.0
image (939),Crop___DIsease,1,1,51429,27207,0.4151,1.0,1.0,1.0,0.0,1.0
image (94),Crop___DIsease,1,0,0,9126,0.1857,0.0,1.0,0.0,0.0,0.0
image (940),Crop___DIsease,1,1,61500,34934,0.5331,1.0,1.0,1.0,0.0,1.0
image (941),Crop___DIsease,2,2,51090,27950,0.4265,1.0,1.0,1.0,0.0,1.0
image (942),Crop___DIsease,1,1,57250,33886,0.5171,1.0,1.0,1.0,0.0,1.0
image (943),Crop___DIsease,1,1,57810,29409,0.4487,1.0,1.0,1.0,0.0,1.0
image (944),Crop___DIsease,1,1,57596,35874,0.5474,1.0,1.0,1.0,0.0,1.0
image (945),Crop___DIsease,1,0,0,7041,0.1432,0.0,1.0,0.0,0.0,0.0
image (946),Crop___DIsease,1,1,52664,32700,0.499,1.0,1.0,1.0,0.0,1.0
image (947),Crop___DIsease,2,2,55345,22550,0.3441,1.0,1.0,1.0,0.0,1.0
image (948),Crop___DIsease,1,1,58750,27825,0.4246,1.0,1.0,1.0,0.0,1.0
image (949),Crop___DIsease,2,2,59239,35947,0.5485,1.0,1.0,1.0,0.0,1.0
image (95),Crop___DIsease,1,1,61236,28327,0.4322,1.0,1.0,1.0,0.0,1.0
image (950),Crop___DIsease,6,0,0,6130,0.1247,0.0,1.0,0.0,0.0,0.0
image (951),Crop___DIsease,1,1,34104,21908,0.3343,1.0,1.0,1.0,0.0,1.0
image (952),Crop___DIsease,1,1,54208,31792,0.4851,1.0,1.0,1.0,0.0,1.0
image (953),Crop___DIsease,1,0,0,276,0.0056,0.0,1.0,0.0,0.0,0.0
image (954),Crop___DIsease,1,0,0,465,0.0095,0.0,1.0,0.0,0.0,0.0
image (955),Crop___DIsease,1,0,0,2329,0.0474,0.0,1.0,0.0,0.0,0.0
image (956),Crop___DIsease,1,1,53088,35011,0.5342,1.0,1.0,1.0,0.0,1.0
image (957),Crop___DIsease,1,1,52206,27752,0.4235,1.0,1.0,1.0,0.0,1.0
image (958),Crop___DIsease,1,1,52377,29745,0.4539,1.0,1.0,1.0,0.0,1.0
image (959),Crop___DIsease,1,1,62244,31968,0.4878,1.0,1.0,1.0,0.0,1.0
image (96),Crop___DIsease,1,1,49464,31006,0.4731,1.0,1.0,1.0,0.0,1.0
image (960),Crop___DIsease,1,1,57270,33411,0.5098,1.0,1.0,1.0,0.0,1.0
image (961),Crop___DIsease,1,1,51968,30660,0.4678,1.0,1.0,1.0,0.0,1.0
image (962),Crop___DIsease,1,1,59045,34140,0.5209,1.0,1.0,1.0,0.0,1.0
image (963),Crop___DIsease,1,1,46893,13572,0.2071,1.0,1.0,1.0,0.0,1.0
image (964),Crop___DIsease,1,1,60491,19416,0.2963,1.0,1.0,1.0,0.0,1.0
image (965),Crop___DIsease,2,0,0,567,0.0115,0.0,1.0,0.0,0.0,0.0
image (966),Crop___DIsease,1,0,0,1384,0.0282,0.0,1.0,0.0,0.0,0.0
image (967),Crop___DIsease,1,0,0,387,0.0079,0.0,1.0,0.0,0.0,0.0
image (968),Crop___DIsease,2,0,0,226,0.0046,0.0,1.0,0.0,0.0,0.0
image (969),Crop___DIsease,1,0,0,0,0.0,0,1.0,0.0,0.0,0.0
image (97),Crop___DIsease,1,0,0,1606,0.0327,0.0,1.0,0.0,0.0,0.0
image (970),Crop___DIsease,2,2,25885,14845,0.2265,1.0,1.0,1.0,0.0,1.0
image (971),Crop___DIsease,2,2,59254,37406,0.5708,1.0,1.0,1.0,0.0,1.0
image (972),Crop___DIsease,1,1,58949,32524,0.4963,1.0,1.0,1.0,0.0,1.0
image (973),Crop___DIsease,2,2,43944,22585,0.3446,1.0,1.0,1.0,0.0,1.0
image (974),Crop___DIsease,2,2,43209,25454,0.3884,1.0,1.0,1.0,0.0,1.0
image (975),Crop___DIsease,1,0,0,1265,0.0257,0.0,1.0,0.0,0.0,0.0
image (976),Crop___DIsease,1,1,50151,21127,0.3224,1.0,1.0,1.0,0.0,1.0
image (977),Crop___DIsease,1,0,0,34,0.0007,0.0,1.0,0.0,0.0,0.0
image (978),Crop___DIsease,1,1,59272,28596,0.4363,1.0,1.0,1.0,0.0,1.0
image (979),Crop___DIsease,2,0,0,4040,0.0822,0.0,1.0,0.0,0.0,0.0
image (98),Crop___DIsease,1,0,0,29912,0.4564,0.0,1.0,0.0,0.0,0.0
image (980),Crop___DIsease,1,0,0,376,0.0076,0.0,1.0,0.0,0.0,0.0
image (981),Crop___DIsease,1,0,0,98,0.002,0.0,1.0,0.0,0.0,0.0
image (982),Crop___DIsease,2,0,0,3357,0.0683,0.0,1.0,0.0,0.0,0.0
image (983),Crop___DIsease,1,1,60016,31860,0.4861,1.0,1.0,1.0,0.0,1.0
image (984),Crop___DIsease,1,1,41567,17678,0.2697,1.0,1.0,1.0,0.0,1.0
image (985),Crop___DIsease,2,0,0,295,0.006,0.0,1.0,0.0,0.0,0.0
image (986),Crop___DIsease,2,0,0,303,0.0062,0.0,1.0,0.0,0.0,0.0
image (987),Crop___DIsease,1,0,0,5974,0.1215,0.0,1.0,0.0,0.0,0.0
image (988),Crop___DIsease,2,2,49518,29916,0.4565,1.0,1.0,1.0,0.0,1.0
image (989),Crop___DIsease,1,0,0,50,0.001,0.0,1.0,0.0,0.0,0.0
image (99),Crop___DIsease,1,0,0,17,0.0003,0.0,1.0,0.0,0.0,0.0
image (990),Crop___DIsease,1,0,0,5732,0.1166,0.0,1.0,0.0,0.0,0.0
image (991),Crop___DIsease,1,1,52156,29954,0.4571,1.0,1.0,1.0,0.0,1.0
image (992),Crop___DIsease,2,0,0,3995,0.0813,0.0,1.0,0.0,0.0,0.0
image (993),Crop___DIsease,1,1,55596,32839,0.5011,1.0,1.0,1.0,0.0,1.0
image (994),Crop___DIsease,1,0,0,0,0.0,0,1.0,0.0,0.0,0.0
image (995),Crop___DIsease,1,1,60515,35757,0.5456,1.0,1.0,1.0,0.0,1.0
image (996),Crop___DIsease,1,0,0,169,0.0034,0.0,1.0,0.0,0.0,0.0
image (997),Crop___DIsease,1,0,0,20610,0.4193,0.0,1.0,0.0,0.0,0.0
image (998),Crop___DIsease,1,0,0,9232,0.1878,0.0,1.0,0.0,0.0,0.0
image (999),Crop___DIsease,1,0,0,0,0.0,0,1.0,0.0,0.0,0.0
IMG_20190419_165139,Crop___DIsease,1,1,1267524,174375,0.1134,1.0,1.0,1.0,0.0,1.0
IMG_20190419_165158,Crop___DIsease,1,1,4121746,665965,0.0874,1.0,1.0,1.0,0.0,1.0
IMG_20190419_165201,Crop___DIsease,1,1,1123648,665142,0.0683,1.0,1.0,1.0,0.0,1.0
IMG_20190419_165203,Crop___DIsease,1,1,1181481,662645,0.0681,1.0,1.0,1.0,0.0,1.0
IMG_20190419_165205,Crop___DIsease,1,1,1594917,593819,0.061,1.0,1.0,1.0,0.0,1.0
IMG_20190419_165208,Crop___DIsease,1,1,1156240,344245,0.0903,1.0,1.0,1.0,0.0,1.0
IMG_20190419_165212,Crop___DIsease,1,1,759990,541004,0.0556,1.0,1.0,1.0,0.0,1.0
IMG_20190419_165619,Crop___DIsease,1,1,3892988,792604,0.1526,1.0,1.0,1.0,0.0,1.0
IMG_20190419_165623,Crop___DIsease,1,1,8394300,965770,0.0992,1.0,1.0,1.0,0.0,1.0
IMG_20190419_165626,Crop___DIsease,1,1,9221150,1091653,0.1121,1.0,1.0,1.0,0.0,1.0
IMG_20190419_165632,Crop___DIsease,1,1,7056222,841244,0.0864,1.0,1.0,1.0,0.0,1.0
IMG_20190419_165635,Crop___DIsease,1,1,2670192,566040,0.1799,1.0,1.0,1.0,0.0,1.0
IMG_20190419_165638,Crop___DIsease,1,1,3999662,676978,0.1394,1.0,1.0,1.0,0.0,1.0
IMG_20190419_165641,Crop___DIsease,1,1,814184,420830,0.138,1.0,1.0,1.0,0.0,1.0
IMG_20190419_165642,Crop___DIsease,1,1,566100,397868,0.1148,1.0,1.0,1.0,0.0,1.0
IMG_20190419_165653,Crop___DIsease,1,1,1176864,204017,0.1174,1.0,1.0,1.0,0.0,1.0
IMG_20190419_165704,Crop___DIsease,1,1,9222116,921710,0.0947,1.0,1.0,1.0,0.0,1.0
IMG_20190419_165709,Crop___DIsease,1,1,1962360,687602,0.0706,1.0,1.0,1.0,0.0,1.0
IMG_20190419_165718,Crop___DIsease,1,1,2396255,294717,0.1202,1.0,1.0,1.0,0.0,1.0
IMG_20190419_165721,Crop___DIsease,1,1,7658838,445399,0.0458,1.0,1.0,1.0,0.0,1.0
IMG_20190419_165817,Crop___DIsease,1,1,2590670,577413,0.1605,1.0,1.0,1.0,0.0,1.0
IMG_20190419_170502,Crop___DIsease,1,1,6472904,794499,0.0816,1.0,1.0,1.0,0.0,1.0
IMG_20190419_170507,Crop___DIsease,1,1,3490019,622528,0.0982,1.0,1.0,1.0,0.0,1.0
IMG_20190419_170753,Crop___DIsease,1,1,5321316,656035,0.0674,1.0,1.0,1.0,0.0,1.0
IMG_20190419_170759,Crop___DIsease,1,1,2977291,447838,0.1034,1.0,1.0,1.0,0.0,1.0
IMG_20190419_170832,Crop___DIsease,1,1,2432619,284102,0.1035,1.0,1.0,1.0,0.0,1.0
IMG_20190419_170835,Crop___DIsease,1,1,1382589,189567,0.1086,1.0,1.0,1.0,0.0,1.0
IMG_20190419_170838,Crop___DIsease,1,1,2482188,307342,0.1217,1.0,1.0,1.0,0.0,1.0
IMG_20190419_170851,Crop___DIsease,1,1,1074528,258360,0.1487,1.0,1.0,1.0,0.0,1.0
IMG_20190419_170857,Crop___DIsease,1,1,1391652,279208,0.1553,1.0,1.0,1.0,0.0,1.0
IMG_20190419_170901,Crop___DIsease,1,1,7385862,733951,0.0754,1.0,1.0,1.0,0.0,1.0
IMG_20190419_170903,Crop___DIsease,1,1,6912608,709920,0.0729,1.0,1.0,1.0,0.0,1.0
IMG_20190419_170906,Crop___DIsease,1,1,1375072,604565,0.0621,1.0,1.0,1.0,0.0,1.0
IMG_20190419_170908,Crop___DIsease,1,1,1240000,577511,0.0593,1.0,1.0,1.0,0.0,1.0
IMG_20190419_170918,Crop___DIsease,2,2,3218722,820764,0.0843,1.0,1.0,1.0,0.0,1.0
IMG_20190419_170919,Crop___DIsease,1,1,1016658,390216,0.1357,1.0,1.0,1.0,0.0,1.0
IMG_20190419_170921,Crop___DIsease,1,1,1631652,742671,0.0763,1.0,1.0,1.0,0.0,1.0
IMG_20190419_170923,Crop___DIsease,1,1,1487295,803327,0.0825,1.0,1.0,1.0,0.0,1.0
IMG_20190419_170928,Crop___DIsease,2,2,2620654,356139,0.1129,1.0,1.0,1.0,0.0,1.0
IMG_20190419_170936,Crop___DIsease,1,1,8110260,885998,0.091,1.0,1.0,1.0,0.0,1.0
IMG_20190419_171124,Crop___DIsease,1,1,2043137,223653,0.0983,1.0,1.0,1.0,0.0,1.0
IMG_20190419_171125,Crop___DIsease,1,1,1519850,176767,0.0966,1.0,1.0,1.0,0.0,1.0
IMG_20190419_171129,Crop___DIsease,1,1,2680880,250553,0.0701,1.0,1.0,1.0,0.0,1.0
IMG_20190419_171132,Crop___DIsease,1,1,424087,226907,0.0958,1.0,1.0,1.0,0.0,1.0
IMG_20190419_171134,Crop___DIsease,1,1,331344,248912,0.105,1.0,1.0,1.0,0.0,1.0
IMG_20190419_171856,Crop___DIsease,1,1,1915725,352593,0.1691,1.0,1.0,1.0,0.0,1.0
IMG_20190419_171858,Crop___DIsease,1,1,2107380,365981,0.1514,1.0,1.0,1.0,0.0,1.0
IMG_20190419_171900,Crop___DIsease,1,1,2565620,488047,0.1812,1.0,1.0,1.0,0.0,1.0
IMG_20190419_171905,Crop___DIsease,1,1,2227815,406307,0.1573,1.0,1.0,1.0,0.0,1.0
IMG_20190419_171906,Crop___DIsease,1,1,427482,317207,0.1111,1.0,1.0,1.0,0.0,1.0
IMG_20190419_171910,Crop___DIsease,2,2,494832,277892,0.125,1.0,1.0,1.0,0.0,1.0
IMG_20190419_171914,Crop___DIsease,1,1,943540,167063,0.117,1.0,1.0,1.0,0.0,1.0
IMG_20190419_171917,Crop___DIsease,1,1,1272384,187890,0.1456,1.0,1.0,1.0,0.0,1.0
IMG_20190419_171919,Crop___DIsease,1,1,1733045,228227,0.1227,1.0,1.0,1.0,0.0,1.0
IMG_20190419_171922,Crop___DIsease,2,2,2202214,305497,0.1295,1.0,1.0,1.0,0.0,1.0
IMG_20190419_171924,Crop___DIsease,1,1,1924356,247233,0.1084,1.0,1.0,1.0,0.0,1.0
IMG_20190419_171935,Crop___DIsease,1,1,2349168,261013,0.0849,1.0,1.0,1.0,0.0,1.0
IMG_20190419_171944,Crop___DIsease,1,1,1197330,123696,0.0972,1.0,1.0,1.0,0.0,1.0
IMG_20190419_172123,Crop___DIsease,1,0,0,303674,0.1059,0.0,1.0,0.0,0.0,0.0
IMG_20190419_172413,Crop___DIsease,1,0,0,677667,0.0696,0.0,1.0,0.0,0.0,0.0
IMG_20190419_172429,Crop___DIsease,1,0,0,472574,0.1061,0.0,1.0,0.0,0.0,0.0
IMG_20190419_172437,Crop___DIsease,1,0,0,546544,0.1081,0.0,1.0,0.0,0.0,0.0
IMG_20190419_172440,Crop___DIsease,1,0,0,516232,0.1093,0.0,1.0,0.0,0.0,0.0
IMG_20190419_172446,Crop___DIsease,1,0,0,171977,0.0811,0.0,1.0,0.0,0.0,0.0
IMG_20190419_172657,Crop___DIsease,1,1,9250739,998961,0.1026,1.0,1.0,1.0,0.0,1.0
IMG_20190419_172704,Crop___DIsease,1,1,1354652,780995,0.0802,1.0,1.0,1.0,0.0,1.0
IMG_20190419_172738,Crop___DIsease,1,1,2502723,394249,0.1552,1.0,1.0,1.0,0.0,1.0
IMG_20190419_172743,Crop___DIsease,1,1,2853990,408846,0.134,1.0,1.0,1.0,0.0,1.0
IMG_20190419_172745,Crop___DIsease,2,2,3528848,483591,0.1357,1.0,1.0,1.0,0.0,1.0
IMG_20190419_172746,Crop___DIsease,1,1,935298,405248,0.1373,1.0,1.0,1.0,0.0,1.0
IMG_20190419_172750,Crop___DIsease,1,1,891924,683314,0.1844,1.0,1.0,1.0,0.0,1.0
IMG_20190419_172753,Crop___DIsease,1,1,1449568,801053,0.0823,1.0,1.0,1.0,0.0,1.0
IMG_20190419_172756,Crop___DIsease,1,1,8809417,892819,0.0917,1.0,1.0,1.0,0.0,1.0
IMG_20190419_172757,Crop___DIsease,1,1,1824912,300771,0.1532,1.0,1.0,1.0,0.0,1.0
IMG_20190419_172800,Crop___DIsease,2,2,2486400,442931,0.1818,1.0,1.0,1.0,0.0,1.0
IMG_20190419_172802,Crop___DIsease,1,1,8997450,771738,0.0793,1.0,1.0,1.0,0.0,1.0
IMG_20190419_172808,Crop___DIsease,1,1,1542064,330153,0.0339,1.0,1.0,1.0,0.0,1.0
IMG_20190419_172810,Crop___DIsease,1,1,2083700,380500,0.0391,1.0,1.0,1.0,0.0,1.0
IMG_20190419_172812,Crop___DIsease,1,1,3536280,865044,0.0889,1.0,1.0,1.0,0.0,1.0
IMG_20190419_172821,Crop___DIsease,2,2,1305064,359752,0.2758,1.0,1.0,1.0,0.0,1.0
IMG_20190419_172841,Crop___DIsease,2,2,1536699,361572,0.2217,1.0,1.0,1.0,0.0,1.0
IMG_20190419_172843,Crop___DIsease,2,2,2749099,502325,0.1816,1.0,1.0,1.0,0.0,1.0
IMG_20190419_172925,Crop___DIsease,1,0,0,328341,0.1087,0.0,1.0,0.0,0.0,0.0
IMG_20190419_172927,Crop___DIsease,1,0,0,310439,0.1149,0.0,1.0,0.0,0.0,0.0
IMG_20190419_172936,Crop___DIsease,1,0,0,267749,0.1311,0.0,1.0,0.0,0.0,0.0
IMG_20190419_172945,Crop___DIsease,1,0,0,780435,0.0802,0.0,1.0,0.0,0.0,0.0
IMG_20190419_172949,Crop___DIsease,1,0,0,401369,0.0963,0.0,1.0,0.0,0.0,0.0
IMG_20190419_172952,Crop___DIsease,1,0,0,449611,0.0881,0.0,1.0,0.0,0.0,0.0
IMG_20190419_173009,Crop___DIsease,2,2,1611484,231198,0.1422,1.0,1.0,1.0,0.0,1.0
IMG_20190419_173011,Crop___DIsease,2,2,3378377,328599,0.0888,1.0,1.0,1.0,0.0,1.0
IMG_20190419_173013,Crop___DIsease,2,2,2765006,667121,0.0685,1.0,1.0,1.0,0.0,1.0
IMG_20190419_173014,Crop___DIsease,1,1,1099384,380287,0.1024,1.0,1.0,1.0,0.0,1.0
IMG_20190419_173017,Crop___DIsease,1,1,2036901,408933,0.0671,1.0,1.0,1.0,0.0,1.0
IMG_20190419_173018,Crop___DIsease,2,2,1133205,359943,0.1004,1.0,1.0,1.0,0.0,1.0
IMG_20190419_173020,Crop___DIsease,2,2,965053,340475,0.0996,1.0,1.0,1.0,0.0,1.0
IMG_20190419_173023,Crop___DIsease,1,1,4883098,496341,0.0745,1.0,1.0,1.0,0.0,1.0
IMG_20190419_173025,Crop___DIsease,1,1,2687645,457712,0.1386,1.0,1.0,1.0,0.0,1.0
IMG_20190419_173033,Crop___DIsease,2,2,2616105,261411,0.0903,1.0,1.0,1.0,0.0,1.0
IMG_20190419_173037,Crop___DIsease,3,3,2987855,272014,0.084,1.0,1.0,1.0,0.0,1.0
IMG_20190419_173042,Crop___DIsease,2,2,748211,487679,0.0744,1.0,1.0,1.0,0.0,1.0
IMG_20190419_173044,Crop___DIsease,1,1,657900,255481,0.1083,1.0,1.0,1.0,0.0,1.0
IMG_20190419_173046,Crop___DIsease,2,2,1253535,501371,0.0515,1.0,1.0,1.0,0.0,1.0
IMG_20190419_173050,Crop___DIsease,2,2,3125700,362233,0.0801,1.0,1.0,1.0,0.0,1.0
IMG_20190419_173052,Crop___DIsease,2,2,7506478,597045,0.0613,1.0,1.0,1.0,0.0,1.0
IMG_20190419_173059,Crop___DIsease,2,2,2267385,389509,0.174,1.0,1.0,1.0,0.0,1.0
IMG_20190419_173102,Crop___DIsease,2,2,9324843,678225,0.0697,1.0,1.0,1.0,0.0,1.0
IMG_20190419_173216,Crop___DIsease,1,1,8797537,1000690,0.1028,1.0,1.0,1.0,0.0,1.0
IMG_20190419_173218,Crop___DIsease,1,0,0,511178,0.093,0.0,1.0,0.0,0.0,0.0
IMG_20190419_173225,Crop___DIsease,1,1,8878635,1001510,0.1029,1.0,1.0,1.0,0.0,1.0
IMG_20190419_173227,Crop___DIsease,1,1,756888,473909,0.0487,1.0,1.0,1.0,0.0,1.0
IMG_20190419_173236,Crop___DIsease,3,3,8931947,822248,0.0845,1.0,1.0,1.0,0.0,1.0
IMG_20190419_173242,Crop___DIsease,1,1,6100178,560143,0.0824,1.0,1.0,1.0,0.0,1.0
IMG_20190419_173244,Crop___DIsease,2,2,8508996,791368,0.0813,1.0,1.0,1.0,0.0,1.0
IMG_20190419_173246,Crop___DIsease,1,1,3286965,429634,0.1282,1.0,1.0,1.0,0.0,1.0
IMG_20190419_173250,Crop___DIsease,2,2,990366,298368,0.0711,1.0,1.0,1.0,0.0,1.0
IMG_20190419_173251,Crop___DIsease,2,2,934029,265823,0.0677,1.0,1.0,1.0,0.0,1.0
IMG_20190419_173254,Crop___DIsease,3,3,641644,378150,0.0736,1.0,1.0,1.0,0.0,1.0
IMG_20190419_173256,Crop___DIsease,1,1,552942,345738,0.1047,1.0,1.0,1.0,0.0,1.0
IMG_20190419_173259,Crop___DIsease,1,1,1214124,374493,0.2487,1.0,1.0,1.0,0.0,1.0
IMG_20190419_173344,Crop___DIsease,1,0,0,940863,0.1653,0.0,1.0,0.0,0.0,0.0
IMG_20190419_173406,Crop___DIsease,1,1,3595394,404517,0.1031,1.0,1.0,1.0,0.0,1.0
IMG_20190419_173408,Crop___DIsease,1,0,0,410889,0.1629,0.0,1.0,0.0,0.0,0.0
IMG_20190419_173414,Crop___DIsease,1,0,0,485036,0.1065,0.0,1.0,0.0,0.0,0.0
IMG_20190419_173415,Crop___DIsease,1,1,719739,321810,0.1175,1.0,1.0,1.0,0.0,1.0
IMG_20190419_173852,Crop___DIsease,1,0,0,488942,0.1292,0.0,1.0,0.0,0.0,0.0
IMG_20190419_173904,Crop___DIsease,1,0,0,484932,0.0968,0.0,1.0,0.0,0.0,0.0
IMG_20190419_173927,Crop___DIsease,2,2,8703821,804139,0.0826,1.0,1.0,1.0,0.0,1.0
IMG_20190419_173931,Crop___DIsease,1,1,3036528,462308,0.1211,1.0,1.0,1.0,0.0,1.0
IMG_20190419_174047,Crop___DIsease,2,2,6189705,690050,0.1103,1.0,1.0,1.0,0.0,1.0
IMG_20190419_174051,Crop___DIsease,1,0,0,571767,0.111,0.0,1.0,0.0,0.0,0.0
IMG_20190419_174054,Crop___DIsease,1,0,0,472848,0.1437,0.0,1.0,0.0,0.0,0.0
IMG_20190419_174059,Crop___DIsease,2,2,2151606,520948,0.2237,1.0,1.0,1.0,0.0,1.0
IMG_20190419_174102,Crop___DIsease,2,2,2339806,598973,0.261,1.0,1.0,1.0,0.0,1.0
IMG_20190419_174105,Crop___DIsease,2,2,2009716,926593,0.0952,1.0,1.0,1.0,0.0,1.0
IMG_20190419_174112,Crop___DIsease,2,2,1259339,597750,0.158,1.0,1.0,1.0,0.0,1.0
IMG_20190419_174113,Crop___DIsease,2,2,1570100,723141,0.157,1.0,1.0,1.0,0.0,1.0
IMG_20190419_174133,Crop___DIsease,1,0,0,610754,0.106,0.0,1.0,0.0,0.0,0.0
IMG_20190419_174139,Crop___DIsease,1,0,0,466856,0.114,0.0,1.0,0.0,0.0,0.0
IMG_20190419_174214,Crop___DIsease,1,0,0,515764,0.1973,0.0,1.0,0.0,0.0,0.0
IMG_20190419_174218,Crop___DIsease,1,0,0,634312,0.1691,0.0,1.0,0.0,0.0,0.0
IMG_20190419_174221,Crop___DIsease,1,0,0,716625,0.0736,0.0,1.0,0.0,0.0,0.0
IMG_20190419_174302,Crop___DIsease,1,0,0,530934,0.1374,0.0,1.0,0.0,0.0,0.0
IMG_20190419_174306,Crop___DIsease,1,0,0,857711,0.1476,0.0,1.0,0.0,0.0,0.0
IMG_20190419_174308,Crop___DIsease,1,0,0,502180,0.1448,0.0,1.0,0.0,0.0,0.0
IMG_20190419_174426,Crop___DIsease,2,2,3419753,665854,0.0684,1.0,1.0,1.0,0.0,1.0
IMG_20190419_174432,Crop___DIsease,2,2,2985795,410615,0.1192,1.0,1.0,1.0,0.0,1.0
IMG_20190419_174447,Crop___DIsease,1,1,3128544,437079,0.118,1.0,1.0,1.0,0.0,1.0
IMG_20190419_174450,Crop___DIsease,1,1,6444480,541407,0.0556,1.0,1.0,1.0,0.0,1.0
IMG_20190419_174457,Crop___DIsease,1,0,0,284309,0.1011,0.0,1.0,0.0,0.0,0.0
IMG_20190419_174507,Crop___DIsease,1,0,0,653511,0.1204,0.0,1.0,0.0,0.0,0.0
IMG_20190419_174512,Crop___DIsease,1,0,0,512458,0.1236,0.0,1.0,0.0,0.0,0.0
IMG_20190419_174540,Crop___DIsease,1,1,3359889,504964,0.148,1.0,1.0,1.0,0.0,1.0
IMG_20190419_174552,Crop___DIsease,1,0,0,810255,0.0832,0.0,1.0,0.0,0.0,0.0
IMG_20190419_175129,Crop___DIsease,2,2,2304201,419170,0.1196,1.0,1.0,1.0,0.0,1.0
IMG_20190419_175135,Crop___DIsease,2,2,711498,241024,0.0802,1.0,1.0,1.0,0.0,1.0
IMG_20190419_175150,Crop___DIsease,2,2,1563896,361437,0.0645,1.0,1.0,1.0,0.0,1.0
IMG_20190419_175153,Crop___DIsease,1,1,1643917,234322,0.0863,1.0,1.0,1.0,0.0,1.0
IMG_20190419_175202,Crop___DIsease,1,1,2597455,388239,0.1421,1.0,1.0,1.0,0.0,1.0
IMG_20190419_175205,Crop___DIsease,3,3,4934846,368792,0.1479,1.0,1.0,1.0,0.0,1.0
IMG_20190419_175223,Crop___DIsease,2,2,2685884,367869,0.0885,1.0,1.0,1.0,0.0,1.0
IMG_20190419_175230,Crop___DIsease,1,0,0,354053,0.1004,0.0,1.0,0.0,0.0,0.0
IMG_20190419_175233,Crop___DIsease,1,0,0,295452,0.1112,0.0,1.0,0.0,0.0,0.0
IMG_20190419_175243,Crop___DIsease,1,0,0,391475,0.1133,0.0,1.0,0.0,0.0,0.0
IMG_20190419_175247,Crop___DIsease,1,0,0,436038,0.1035,0.0,1.0,0.0,0.0,0.0
IMG_20190419_175304,Crop___DIsease,1,0,0,371276,0.1978,0.0,1.0,0.0,0.0,0.0
IMG_20190419_175312,Crop___DIsease,1,1,2347772,350913,0.1128,1.0,1.0,1.0,0.0,1.0
IMG_20190419_175319,Crop___DIsease,1,1,9361391,978670,0.1005,1.0,1.0,1.0,0.0,1.0
IMG_20190419_175321,Crop___DIsease,2,2,15823638,879282,0.0903,1.0,1.0,1.0,0.0,1.0
IMG_20190419_175326,Crop___DIsease,1,0,0,882495,0.0907,0.0,1.0,0.0,0.0,0.0
IMG_20190419_175330,Crop___DIsease,1,0,0,933484,0.0959,0.0,1.0,0.0,0.0,0.0
IMG_20190419_175342,Crop___DIsease,1,0,0,633522,0.0651,0.0,1.0,0.0,0.0,0.0
IMG_20190419_175420,Crop___DIsease,1,1,3608392,368845,0.0923,1.0,1.0,1.0,0.0,1.0
IMG_20190419_175426,Crop___DIsease,1,1,3463544,424918,0.1111,1.0,1.0,1.0,0.0,1.0
IMG_20190419_175429,Crop___DIsease,1,1,3095840,434078,0.1386,1.0,1.0,1.0,0.0,1.0
IMG_20190419_175430,Crop___DIsease,2,2,3059287,379451,0.1206,1.0,1.0,1.0,0.0,1.0
IMG_20190419_175434,Crop___DIsease,2,2,4406996,262052,0.0979,1.0,1.0,1.0,0.0,1.0
IMG_20190420_185715,Crop___DIsease,2,2,4960656,870028,0.1751,1.0,1.0,1.0,0.0,1.0
IMG_20190420_185905,Crop___DIsease,2,2,8657291,635226,0.0653,1.0,1.0,1.0,0.0,1.0
IMG_20190420_185946,Crop___DIsease,3,3,2526259,614088,0.0631,1.0,1.0,1.0,0.0,1.0
IMG_20190420_190025,Crop___DIsease,1,0,0,562039,0.0577,0.0,1.0,0.0,0.0,0.0
IMG_20190420_190039,Crop___DIsease,1,0,0,905838,0.0931,0.0,1.0,0.0,0.0,0.0
IMG_20190420_190742,Crop___DIsease,2,2,4678786,1009117,0.2053,1.0,1.0,1.0,0.0,1.0
IMG_20190420_190749,Crop___DIsease,2,2,8901724,1533283,0.1575,1.0,1.0,1.0,0.0,1.0
IMG_20190420_190823,Crop___DIsease,2,2,2390138,590375,0.16,1.0,1.0,1.0,0.0,1.0
IMG_20190420_190826,Crop___DIsease,2,2,6428079,1020273,0.1048,1.0,1.0,1.0,0.0,1.0
IMG_20190420_190829,Crop___DIsease,2,2,2534902,1148790,0.118,1.0,1.0,1.0,0.0,1.0
IMG_20190420_190832,Crop___DIsease,3,3,2402636,484093,0.1309,1.0,1.0,1.0,0.0,1.0
IMG_20190420_190927,Crop___DIsease,1,0,0,1043649,0.1072,0.0,1.0,0.0,0.0,0.0
IMG_20190420_190946,Crop___DIsease,1,0,0,942592,0.0968,0.0,1.0,0.0,0.0,0.0
IMG_20190420_191121,Crop___DIsease,2,2,8331195,943881,0.097,1.0,1.0,1.0,0.0,1.0
IMG_20190420_191400,Crop___DIsease,1,1,2828688,786171,0.2153,1.0,1.0,1.0,0.0,1.0
IMG_20190420_191427,Crop___DIsease,3,3,950145,287924,0.1396,1.0,1.0,1.0,0.0,1.0
IMG_20190420_191430,Crop___DIsease,2,2,438021,183918,0.0674,1.0,1.0,1.0,0.0,1.0
IMG_20190420_191446,Crop___DIsease,1,1,1742160,1081930,0.1111,1.0,1.0,1.0,0.0,1.0
IMG_20190420_191454,Crop___DIsease,2,2,8831686,1541415,0.1583,1.0,1.0,1.0,0.0,1.0
IMG_20190420_191459,Crop___DIsease,2,2,1383001,550209,0.3958,1.0,1.0,1.0,0.0,1.0
IMG_20190420_193116,Crop___DIsease,3,3,6600264,876505,0.1601,1.0,1.0,1.0,0.0,1.0
IMG_20190420_193125,Crop___DIsease,2,2,2596166,284464,0.1772,1.0,1.0,1.0,0.0,1.0
IMG_20190420_193139,Crop___DIsease,2,2,3658093,321501,0.1594,1.0,1.0,1.0,0.0,1.0
IMG_20190420_193141,Crop___DIsease,2,2,2300152,246702,0.1508,1.0,1.0,1.0,0.0,1.0
IMG_20190420_193158,Crop___DIsease,2,2,4986640,485400,0.1749,1.0,1.0,1.0,0.0,1.0
IMG_20190420_193203,Crop___DIsease,2,2,1468812,571721,0.206,1.0,1.0,1.0,0.0,1.0
IMG_20190420_193215,Crop___DIsease,2,2,818089,697853,0.2736,1.0,1.0,1.0,0.0,1.0
IMG_20190420_193220,Crop___DIsease,2,2,681258,594438,0.2563,1.0,1.0,1.0,0.0,1.0
IMG_20190420_193259,Crop___DIsease,1,0,0,585376,0.1591,0.0,1.0,0.0,0.0,0.0
IMG_20190420_193319,Crop___DIsease,1,0,0,443665,0.1399,0.0,1.0,0.0,0.0,0.0
IMG_20190420_193338,Crop___DIsease,1,0,0,637840,0.1769,0.0,1.0,0.0,0.0,0.0
IMG_20190420_193349,Crop___DIsease,1,0,0,359458,0.1047,0.0,1.0,0.0,0.0,0.0
IMG_20190420_193425,Crop___DIsease,1,0,0,744343,0.2066,0.0,1.0,0.0,0.0,0.0
IMG_20190420_193654,Crop___DIsease,3,3,3451116,624670,0.1343,1.0,1.0,1.0,0.0,1.0
IMG_20190420_193657,Crop___DIsease,3,3,4122718,926225,0.2239,1.0,1.0,1.0,0.0,1.0
IMG_20190420_193700,Crop___DIsease,3,3,4730039,1089437,0.2195,1.0,1.0,1.0,0.0,1.0
IMG_20190420_193731,Crop___DIsease,2,2,4736480,1394539,0.2547,1.0,1.0,1.0,0.0,1.0
IMG_20190420_194055,Crop___DIsease,1,0,0,519149,0.1265,0.0,1.0,0.0,0.0,0.0
IMG_20190420_194105,Crop___DIsease,1,0,0,245089,0.1217,0.0,1.0,0.0,0.0,0.0
IMG_20190420_194129,Crop___DIsease,1,1,1886520,815691,0.0838,1.0,1.0,1.0,0.0,1.0
IMG_20190420_194130,Crop___DIsease,1,1,1812096,767252,0.0788,1.0,1.0,1.0,0.0,1.0
IMG_20190420_194220,Crop___DIsease,1,1,1248075,832507,0.2198,1.0,1.0,1.0,0.0,1.0
IMG_20190420_194316,Crop___DIsease,1,0,0,1114519,0.3549,0.0,1.0,0.0,0.0,0.0
IMG_20190420_194317,Crop___DIsease,1,0,0,1157064,0.4144,0.0,1.0,0.0,0.0,0.0
IMG_20190420_194331,Crop___DIsease,1,0,0,361962,0.1644,0.0,1.0,0.0,0.0,0.0
IMG_20190420_194338,Crop___DIsease,1,0,0,323311,0.1466,0.0,1.0,0.0,0.0,0.0
IMG_20190420_194339,Crop___DIsease,1,0,0,264016,0.2042,0.0,1.0,0.0,0.0,0.0
IMG_20190420_194340,Crop___DIsease,2,2,293034,232087,0.2023,1.0,1.0,1.0,0.0,1.0
IMG_20190420_194341,Crop___DIsease,1,1,204980,148981,0.0767,1.0,1.0,1.0,0.0,1.0
IMG_20190420_194342,Crop___DIsease,2,2,694183,287757,0.0978,1.0,1.0,1.0,0.0,1.0
IMG_20190420_194342_1,Crop___DIsease,1,1,652960,430327,0.2803,1.0,1.0,1.0,0.0,1.0
IMG_20190420_194343,Crop___DIsease,1,1,973626,652884,0.2599,1.0,1.0,1.0,0.0,1.0
IMG_20190420_194345,Crop___DIsease,1,1,2365822,1241999,0.1915,1.0,1.0,1.0,0.0,1.0
IMG_20190420_194353,Crop___DIsease,1,1,1571262,388217,0.243,1.0,1.0,1.0,0.0,1.0
IMG_20190420_194354,Crop___DIsease,1,1,1972261,569485,0.2679,1.0,1.0,1.0,0.0,1.0
IMG_20190420_194354_1,Crop___DIsease,1,1,1858110,656171,0.3083,1.0,1.0,1.0,0.0,1.0
IMG_20190420_194355,Crop___DIsease,1,1,2544701,831622,0.2805,1.0,1.0,1.0,0.0,1.0
IMG_20190420_194404,Crop___DIsease,1,1,1900262,438024,0.227,1.0,1.0,1.0,0.0,1.0
IMG_20190420_194405,Crop___DIsease,1,1,3402298,430247,0.1058,1.0,1.0,1.0,0.0,1.0
IMG_20190420_194407,Crop___DIsease,1,1,9154732,1076985,0.1106,1.0,1.0,1.0,0.0,1.0
IMG_20190420_194408,Crop___DIsease,1,1,4029948,680009,0.1585,1.0,1.0,1.0,0.0,1.0
IMG_20190420_194639,Crop___DIsease,1,1,468307,227026,0.2063,1.0,1.0,1.0,0.0,1.0
IMG_20190420_194641,Crop___DIsease,1,1,563298,244067,0.1347,1.0,1.0,1.0,0.0,1.0
IMG_20190420_194652,Crop___DIsease,1,1,1512524,412500,0.1394,1.0,1.0,1.0,0.0,1.0
IMG_20190420_194652_1,Crop___DIsease,2,2,2247446,336464,0.1542,1.0,1.0,1.0,0.0,1.0
IMG_20190420_194653,Crop___DIsease,1,1,1006460,271149,0.0964,1.0,1.0,1.0,0.0,1.0
IMG_20190420_194654,Crop___DIsease,2,2,1285463,312168,0.1255,1.0,1.0,1.0,0.0,1.0
IMG_20190420_194655,Crop___DIsease,1,1,1600014,493639,0.1355,1.0,1.0,1.0,0.0,1.0
IMG_20190420_194731,Crop___DIsease,1,0,0,761665,0.2028,0.0,1.0,0.0,0.0,0.0
IMG_20190420_194806,Crop___DIsease,4,4,2131951,493584,0.2008,1.0,1.0,1.0,0.0,1.0
IMG_20190420_194939,Crop___DIsease,3,3,2316542,751714,0.1284,1.0,1.0,1.0,0.0,1.0
IMG_20190420_194940,Crop___DIsease,3,3,1837435,675891,0.143,1.0,1.0,1.0,0.0,1.0
IMG_20190420_194941,Crop___DIsease,3,3,1469135,680763,0.1687,1.0,1.0,1.0,0.0,1.0
IMG_20190420_194942,Crop___DIsease,2,2,3068717,762487,0.2209,1.0,1.0,1.0,0.0,1.0
IMG_20190420_194943,Crop___DIsease,3,3,1554498,807144,0.1452,1.0,1.0,1.0,0.0,1.0
IMG_20190420_194944,Crop___DIsease,3,3,1686316,828497,0.1338,1.0,1.0,1.0,0.0,1.0
IMG_20190420_194945,Crop___DIsease,4,4,1076279,603589,0.1503,1.0,1.0,1.0,0.0,1.0
IMG_20190420_194957,Crop___DIsease,3,3,2886210,693153,0.2045,1.0,1.0,1.0,0.0,1.0
IMG_20190420_195000,Crop___DIsease,3,3,2793678,709063,0.2,1.0,1.0,1.0,0.0,1.0
IMG_20190420_195005,Crop___DIsease,3,3,5071990,961669,0.1808,1.0,1.0,1.0,0.0,1.0
IMG_20190420_195006,Crop___DIsease,3,3,4330880,893323,0.2014,1.0,1.0,1.0,0.0,1.0
IMG_20190420_195010,Crop___DIsease,4,4,3753841,832814,0.2236,1.0,1.0,1.0,0.0,1.0
IMG_20190420_195011,Crop___DIsease,3,3,3310650,819987,0.2459,1.0,1.0,1.0,0.0,1.0
IMG_20190420_195041,Crop___DIsease,3,3,1828082,799287,0.145,1.0,1.0,1.0,0.0,1.0
IMG_20190420_195041_1,Crop___DIsease,3,3,1293919,760406,0.1477,1.0,1.0,1.0,0.0,1.0
IMG_20190420_195042,Crop___DIsease,4,4,1815651,822600,0.1496,1.0,1.0,1.0,0.0,1.0
IMG_20190420_195043,Crop___DIsease,4,4,1257989,815768,0.1679,1.0,1.0,1.0,0.0,1.0
IMG_20190420_195044,Crop___DIsease,3,3,1332944,720202,0.1852,1.0,1.0,1.0,0.0,1.0
IMG_20190420_195049,Crop___DIsease,3,3,5001159,1457404,0.1497,1.0,1.0,1.0,0.0,1.0
IMG_20190420_195050,Crop___DIsease,4,4,5068983,1489074,0.153,1.0,1.0,1.0,0.0,1.0
IMG_20190420_195051,Crop___DIsease,4,4,3084820,1111859,0.216,1.0,1.0,1.0,0.0,1.0
IMG_20190420_195052,Crop___DIsease,4,4,2660250,947011,0.2319,1.0,1.0,1.0,0.0,1.0
IMG_20190420_195104,Crop___DIsease,5,5,2575298,1072087,0.2053,1.0,1.0,1.0,0.0,1.0
IMG_20190420_195105,Crop___DIsease,3,3,2726436,1144454,0.2031,1.0,1.0,1.0,0.0,1.0
IMG_20190420_195106,Crop___DIsease,3,3,2674198,1069497,0.2008,1.0,1.0,1.0,0.0,1.0
IMG_20190420_195107,Crop___DIsease,3,3,3377431,1232285,0.1891,1.0,1.0,1.0,0.0,1.0
IMG_20190420_195108,Crop___DIsease,4,4,3389094,1255312,0.2126,1.0,1.0,1.0,0.0,1.0
IMG_20190420_195110,Crop___DIsease,3,3,3569313,1164598,0.2012,1.0,1.0,1.0,0.0,1.0
IMG_20190420_195111,Crop___DIsease,2,2,2785493,981265,0.2384,1.0,1.0,1.0,0.0,1.0
IMG_20190420_195116,Crop___DIsease,2,2,4333425,1513110,0.1554,1.0,1.0,1.0,0.0,1.0
IMG_20190420_195137,Crop___DIsease,3,3,850809,749770,0.1562,1.0,1.0,1.0,0.0,1.0
IMG_20190420_195138,Crop___DIsease,2,2,1034818,845499,0.1598,1.0,1.0,1.0,0.0,1.0
IMG_20190420_195139,Crop___DIsease,4,4,762887,725123,0.1788,1.0,1.0,1.0,0.0,1.0
IMG_20190420_195141,Crop___DIsease,4,4,805069,736877,0.1615,1.0,1.0,1.0,0.0,1.0
IMG_20190420_195141_1,Crop___DIsease,4,4,850284,783027,0.1573,1.0,1.0,1.0,0.0,1.0
IMG_20190420_195142,Crop___DIsease,3,3,760690,737290,0.1717,1.0,1.0,1.0,0.0,1.0
IMG_20190420_195149,Crop___DIsease,1,1,1540080,1231572,0.1265,1.0,1.0,1.0,0.0,1.0
IMG_20190420_195153,Crop___DIsease,3,3,1606895,1210224,0.1243,1.0,1.0,1.0,0.0,1.0
IMG_20190420_195159,Crop___DIsease,3,3,1224822,1042716,0.1442,1.0,1.0,1.0,0.0,1.0
IMG_20190420_195200,Crop___DIsease,2,2,1063957,915077,0.1753,1.0,1.0,1.0,0.0,1.0
IMG_20190420_195201,Crop___DIsease,3,3,1250547,1053848,0.1468,1.0,1.0,1.0,0.0,1.0
IMG_20190420_195218,Crop___DIsease,5,5,3846571,994619,0.1612,1.0,1.0,1.0,0.0,1.0
IMG_20190420_195219,Crop___DIsease,4,4,3148623,884942,0.1584,1.0,1.0,1.0,0.0,1.0
IMG_20190420_195219_1,Crop___DIsease,4,4,2552831,758625,0.1704,1.0,1.0,1.0,0.0,1.0
IMG_20190420_195220,Crop___DIsease,5,5,1838958,629516,0.2133,1.0,1.0,1.0,0.0,1.0
IMG_20190420_195222,Crop___DIsease,5,5,5004338,1079346,0.1322,1.0,1.0,1.0,0.0,1.0
IMG_20190420_195223,Crop___DIsease,4,4,3544837,844377,0.1634,1.0,1.0,1.0,0.0,1.0
IMG_20190420_195224,Crop___DIsease,3,3,2997726,639470,0.1467,1.0,1.0,1.0,0.0,1.0
IMG_20190420_195229,Crop___DIsease,4,4,1064067,455667,0.153,1.0,1.0,1.0,0.0,1.0
IMG_20190420_195230,Crop___DIsease,2,2,1577656,654926,0.1174,1.0,1.0,1.0,0.0,1.0
IMG_20190420_195231,Crop___DIsease,2,2,2460895,896846,0.0921,1.0,1.0,1.0,0.0,1.0
IMG_20190420_195231_1,Crop___DIsease,2,2,2278548,1026355,0.1054,1.0,1.0,1.0,0.0,1.0
IMG_20190420_195232,Crop___DIsease,2,2,2098510,1066184,0.1095,1.0,1.0,1.0,0.0,1.0
IMG_20190420_195233,Crop___DIsease,3,3,1934928,1073141,0.1102,1.0,1.0,1.0,0.0,1.0
IMG_20190420_195234,Crop___DIsease,3,3,1704182,1006689,0.1034,1.0,1.0,1.0,0.0,1.0
IMG_20190420_195254,Crop___DIsease,2,2,5351620,676432,0.0695,1.0,1.0,1.0,0.0,1.0
IMG_20190420_195256,Crop___DIsease,2,2,5421528,1143414,0.1175,1.0,1.0,1.0,0.0,1.0
IMG_20190420_195257,Crop___DIsease,2,2,5239911,1203219,0.1236,1.0,1.0,1.0,0.0,1.0
IMG_20190420_195258,Crop___DIsease,2,2,4251933,1114883,0.1405,1.0,1.0,1.0,0.0,1.0
IMG_20190420_195307,Crop___DIsease,2,2,9074788,795382,0.0817,1.0,1.0,1.0,0.0,1.0
IMG_20190420_195307_1,Crop___DIsease,3,3,2402658,731214,0.1625,1.0,1.0,1.0,0.0,1.0
IMG_20190420_195308,Crop___DIsease,4,4,2616319,800295,0.1736,1.0,1.0,1.0,0.0,1.0
IMG_20190420_195309,Crop___DIsease,3,3,3776674,1033406,0.137,1.0,1.0,1.0,0.0,1.0
IMG_20190420_195410,Crop___DIsease,3,3,1422391,572871,0.1934,1.0,1.0,1.0,0.0,1.0
IMG_20190420_195412,Crop___DIsease,3,3,1342041,501163,0.1673,1.0,1.0,1.0,0.0,1.0
IMG_20190420_195413,Crop___DIsease,3,3,1183459,433475,0.1668,1.0,1.0,1.0,0.0,1.0
IMG_20190420_195414,Crop___DIsease,4,4,1665738,629295,0.1658,1.0,1.0,1.0,0.0,1.0
IMG_20190420_195434,Crop___DIsease,4,4,1013194,563332,0.1945,1.0,1.0,1.0,0.0,1.0
IMG_20190420_195435,Crop___DIsease,4,4,1108252,588204,0.1832,1.0,1.0,1.0,0.0,1.0
IMG_20190420_195435_1,Crop___DIsease,3,3,1434008,695144,0.1607,1.0,1.0,1.0,0.0,1.0
IMG_20190420_195436,Crop___DIsease,3,3,1348588,671887,0.1547,1.0,1.0,1.0,0.0,1.0
IMG_20190420_195437,Crop___DIsease,5,5,1894527,933114,0.1795,1.0,1.0,1.0,0.0,1.0
IMG_20190420_195438,Crop___DIsease,4,4,2350714,1012346,0.1431,1.0,1.0,1.0,0.0,1.0
IMG_20190420_195439,Crop___DIsease,4,4,2459531,1146543,0.1866,1.0,1.0,1.0,0.0,1.0
IMG_20190420_195439_1,Crop___DIsease,4,4,2912325,1263726,0.1727,1.0,1.0,1.0,0.0,1.0
IMG_20190420_195443,Crop___DIsease,2,2,3196263,824157,0.1905,1.0,1.0,1.0,0.0,1.0
IMG_20190420_195444,Crop___DIsease,3,3,3811574,865047,0.1958,1.0,1.0,1.0,0.0,1.0
IMG_20190420_195445,Crop___DIsease,3,3,3284901,835633,0.1757,1.0,1.0,1.0,0.0,1.0
IMG_20190420_195453,Crop___DIsease,4,4,1045276,585790,0.1887,1.0,1.0,1.0,0.0,1.0
IMG_20190420_195455,Crop___DIsease,3,3,1427112,616824,0.167,1.0,1.0,1.0,0.0,1.0
IMG_20190420_195516,Crop___DIsease,2,2,2096323,606751,0.1993,1.0,1.0,1.0,0.0,1.0
IMG_20190420_195517,Crop___DIsease,2,2,1567558,480249,0.2052,1.0,1.0,1.0,0.0,1.0
IMG_20190420_195518,Crop___DIsease,3,3,1173458,266046,0.2215,1.0,1.0,1.0,0.0,1.0
IMG_20190420_195521,Crop___DIsease,3,3,822928,155711,0.1285,1.0,1.0,1.0,0.0,1.0
IMG_20190420_195525,Crop___DIsease,3,3,2936373,1139093,0.178,1.0,1.0,1.0,0.0,1.0
IMG_20190420_200326,Crop___DIsease,1,0,0,600469,0.2252,0.0,1.0,0.0,0.0,0.0
IMG_20190420_200328,Crop___DIsease,2,2,740669,147251,0.1359,1.0,1.0,1.0,0.0,1.0
IMG_20190420_200329,Crop___DIsease,2,2,815017,155745,0.135,1.0,1.0,1.0,0.0,1.0
IMG_20190420_200330,Crop___DIsease,2,2,1016968,169320,0.117,1.0,1.0,1.0,0.0,1.0
IMG_20190420_200332,Crop___DIsease,3,3,2060169,737368,0.2427,1.0,1.0,1.0,0.0,1.0
IMG_20190420_200333,Crop___DIsease,2,2,2725680,933465,0.2236,1.0,1.0,1.0,0.0,1.0
IMG_20190420_200334,Crop___DIsease,4,4,2671499,1005863,0.2184,1.0,1.0,1.0,0.0,1.0
IMG_20190420_200337,Crop___DIsease,1,1,666022,421902,0.166,1.0,1.0,1.0,0.0,1.0
IMG_20190420_200338,Crop___DIsease,2,2,368990,142774,0.1364,1.0,1.0,1.0,0.0,1.0
IMG_20190420_200339,Crop___DIsease,2,2,232255,153949,0.0988,1.0,1.0,1.0,0.0,1.0
IMG_20190420_200345,Crop___DIsease,1,0,0,535855,0.2818,0.0,1.0,0.0,0.0,0.0
IMG_20190420_200349,Crop___DIsease,2,2,663219,134396,0.096,1.0,1.0,1.0,0.0,1.0
IMG_20190420_200351,Crop___DIsease,1,1,539722,242329,0.1465,1.0,1.0,1.0,0.0,1.0
IMG_20190420_200353,Crop___DIsease,3,3,1561611,131303,0.0788,1.0,1.0,1.0,0.0,1.0
IMG_20190420_200357,Crop___DIsease,3,3,964575,160361,0.0509,1.0,1.0,1.0,0.0,1.0
IMG_20190420_200358,Crop___DIsease,4,4,859700,128914,0.0473,1.0,1.0,1.0,0.0,1.0
IMG_20190420_200359,Crop___DIsease,3,3,619879,120973,0.0554,1.0,1.0,1.0,0.0,1.0
IMG_20190420_200400,Crop___DIsease,4,4,970605,128703,0.0436,1.0,1.0,1.0,0.0,1.0
IMG_20190420_200422,Crop___DIsease,1,1,1866000,612870,0.2502,1.0,1.0,1.0,0.0,1.0
IMG_20190420_200425,Crop___DIsease,1,1,2398522,847016,0.2655,1.0,1.0,1.0,0.0,1.0
IMG_20190420_200426,Crop___DIsease,1,1,2002626,775759,0.3127,1.0,1.0,1.0,0.0,1.0
IMG_20190420_200427,Crop___DIsease,2,2,1502200,577104,0.2919,1.0,1.0,1.0,0.0,1.0
IMG_20190420_200428,Crop___DIsease,1,1,1201725,351254,0.231,1.0,1.0,1.0,0.0,1.0
IMG_20190420_200429,Crop___DIsease,1,1,825734,191866,0.1357,1.0,1.0,1.0,0.0,1.0
IMG_20190420_200435,Crop___DIsease,1,0,0,684530,0.159,0.0,1.0,0.0,0.0,0.0
IMG_20190420_200436,Crop___DIsease,1,0,0,1005988,0.2075,0.0,1.0,0.0,0.0,0.0
IMG_20190420_200443,Crop___DIsease,1,0,0,1162981,0.2324,0.0,1.0,0.0,0.0,0.0
IMG_20190420_200445,Crop___DIsease,1,0,0,1083392,0.2763,0.0,1.0,0.0,0.0,0.0
IMG_20190420_200447,Crop___DIsease,1,1,713136,469633,0.2259,1.0,1.0,1.0,0.0,1.0
IMG_20190420_200453,Crop___DIsease,2,2,5750239,1240053,0.1274,1.0,1.0,1.0,0.0,1.0
IMG_20190420_200454,Crop___DIsease,2,2,5398208,1218692,0.1252,1.0,1.0,1.0,0.0,1.0
IMG_20190420_200456,Crop___DIsease,1,0,0,1132463,0.234,0.0,1.0,0.0,0.0,0.0
IMG_20190420_200458,Crop___DIsease,1,0,0,992108,0.2834,0.0,1.0,0.0,0.0,0.0
IMG_20190420_200508,Crop___DIsease,1,0,0,696106,0.2353,0.0,1.0,0.0,0.0,0.0
IMG_20190421_195150,Crop___DIsease,3,3,1802645,582211,0.1476,1.0,1.0,1.0,0.0,1.0
IMG_20190421_195151,Crop___DIsease,3,3,2224957,505982,0.0934,1.0,1.0,1.0,0.0,1.0
IMG_20190421_195152,Crop___DIsease,3,3,1157666,316171,0.1325,1.0,1.0,1.0,0.0,1.0
IMG_20190421_195158,Crop___DIsease,3,3,2871534,485077,0.1431,1.0,1.0,1.0,0.0,1.0
IMG_20190421_195207,Crop___DIsease,2,2,1000608,361644,0.1328,1.0,1.0,1.0,0.0,1.0
IMG_20190421_195209,Crop___DIsease,3,3,950856,391392,0.1434,1.0,1.0,1.0,0.0,1.0
IMG_20190421_195220,Crop___DIsease,3,3,2412297,470769,0.1688,1.0,1.0,1.0,0.0,1.0
IMG_20190421_195226,Crop___DIsease,3,3,2212028,393874,0.1758,1.0,1.0,1.0,0.0,1.0
IMG_20190421_195239,Crop___DIsease,2,2,3010448,1234715,0.2721,1.0,1.0,1.0,0.0,1.0
IMG_20190421_195243,Crop___DIsease,2,2,3026427,1227530,0.2273,1.0,1.0,1.0,0.0,1.0
IMG_20190421_195248,Crop___DIsease,4,4,8082929,1665377,0.1711,1.0,1.0,1.0,0.0,1.0
IMG_20190421_195250,Crop___DIsease,4,4,4917339,1369705,0.1407,1.0,1.0,1.0,0.0,1.0
IMG_20190421_195254,Crop___DIsease,4,4,3356077,1092448,0.2426,1.0,1.0,1.0,0.0,1.0
IMG_20190421_195322,Crop___DIsease,1,0,0,1459785,0.15,0.0,1.0,0.0,0.0,0.0
IMG_20190421_195324,Crop___DIsease,1,0,0,1455152,0.1495,0.0,1.0,0.0,0.0,0.0
IMG_20190421_195338,Crop___DIsease,3,3,4630814,849916,0.1805,1.0,1.0,1.0,0.0,1.0
IMG_20190421_195340,Crop___DIsease,3,3,4051267,850631,0.2008,1.0,1.0,1.0,0.0,1.0
IMG_20190421_195346,Crop___DIsease,1,0,0,1676281,0.2886,0.0,1.0,0.0,0.0,0.0
IMG_20190421_195348,Crop___DIsease,1,0,0,1592301,0.3068,0.0,1.0,0.0,0.0,0.0
IMG_20190421_195404,Crop___DIsease,1,0,0,512300,0.1316,0.0,1.0,0.0,0.0,0.0
IMG_20190421_195418,Crop___DIsease,1,0,0,435098,0.1306,0.0,1.0,0.0,0.0,0.0
IMG_20190421_195419,Crop___DIsease,1,0,0,430482,0.1178,0.0,1.0,0.0,0.0,0.0
IMG_20190421_195437,Crop___DIsease,1,0,0,470578,0.148,0.0,1.0,0.0,0.0,0.0
IMG_20190421_195443,Crop___DIsease,3,3,2115954,842887,0.2035,1.0,1.0,1.0,0.0,1.0
IMG_20190421_195512,Crop___DIsease,2,2,8298261,548821,0.093,1.0,1.0,1.0,0.0,1.0
IMG_20190421_195524,Crop___DIsease,2,2,7784168,655755,0.1102,1.0,1.0,1.0,0.0,1.0
IMG_20190421_195527,Crop___DIsease,2,2,3273022,757699,0.1493,1.0,1.0,1.0,0.0,1.0
IMG_20190421_195605,Crop___DIsease,1,0,0,1111470,0.2151,0.0,1.0,0.0,0.0,0.0
IMG_20190421_195608,Crop___DIsease,1,0,0,1046562,0.1075,0.0,1.0,0.0,0.0,0.0
IMG_20190421_195617,Crop___DIsease,1,0,0,1660398,0.1706,0.0,1.0,0.0,0.0,0.0
IMG_20190421_195701,Crop___DIsease,8,8,4611059,648953,0.1387,1.0,1.0,1.0,0.0,1.0
IMG_20190421_195703,Crop___DIsease,8,8,4586683,605903,0.1178,1.0,1.0,1.0,0.0,1.0
IMG_20190421_195705,Crop___DIsease,7,7,3745657,524018,0.1201,1.0,1.0,1.0,0.0,1.0
IMG_20190421_195708,Crop___DIsease,6,6,3944657,592475,0.1065,1.0,1.0,1.0,0.0,1.0
IMG_20190421_195712,Crop___DIsease,3,3,2739432,479665,0.1375,1.0,1.0,1.0,0.0,1.0
IMG_20190421_195716,Crop___DIsease,2,2,3328312,473353,0.1359,1.0,1.0,1.0,0.0,1.0
IMG_20190421_195755,Crop___DIsease,1,0,0,1230438,0.1823,0.0,1.0,0.0,0.0,0.0
IMG_20190421_195756,Crop___DIsease,1,0,0,998044,0.1635,0.0,1.0,0.0,0.0,0.0
IMG_20190421_195830,Crop___DIsease,1,0,0,507423,0.1137,0.0,1.0,0.0,0.0,0.0
IMG_20190421_195904,Crop___DIsease,1,0,0,430519,0.0974,0.0,1.0,0.0,0.0,0.0
IMG_20190421_195921,Crop___DIsease,1,0,0,523187,0.0742,0.0,1.0,0.0,0.0,0.0
IMG_20190421_200110,Crop___DIsease,5,5,1701148,470499,0.1121,1.0,1.0,1.0,0.0,1.0
IMG_20190421_200111,Crop___DIsease,4,4,1403977,366255,0.0965,1.0,1.0,1.0,0.0,1.0
IMG_20190421_200114,Crop___DIsease,4,4,571960,296977,0.1304,1.0,1.0,1.0,0.0,1.0
IMG_20190421_200117,Crop___DIsease,3,3,747093,210230,0.1034,1.0,1.0,1.0,0.0,1.0
IMG_20190421_200126,Crop___DIsease,2,2,1886017,502364,0.1038,1.0,1.0,1.0,0.0,1.0
IMG_20190421_200132,Crop___DIsease,3,3,4945640,269322,0.0854,1.0,1.0,1.0,0.0,1.0
IMG_20190421_200147,Crop___DIsease,2,2,2794518,514008,0.135,1.0,1.0,1.0,0.0,1.0
IMG_20190421_200148,Crop___DIsease,3,3,2152024,442336,0.1514,1.0,1.0,1.0,0.0,1.0
IMG_20190421_200150,Crop___DIsease,2,2,2430472,472488,0.1452,1.0,1.0,1.0,0.0,1.0
IMG_20190421_200151,Crop___DIsease,1,1,2416876,473074,0.1353,1.0,1.0,1.0,0.0,1.0
IMG_20190424_125640,Crop___DIsease,1,1,8478864,1246045,0.128,1.0,1.0,1.0,0.0,1.0
IMG_20190424_125641,Crop___DIsease,1,1,4437342,782390,0.1736,1.0,1.0,1.0,0.0,1.0
IMG_20190424_125645,Crop___DIsease,1,0,0,1435709,0.1804,0.0,1.0,0.0,0.0,0.0
IMG_20190424_125651,Crop___DIsease,1,1,3868192,764410,0.1534,1.0,1.0,1.0,0.0,1.0
IMG_20190424_125653,Crop___DIsease,1,1,4785410,1058135,0.1676,1.0,1.0,1.0,0.0,1.0
IMG_20190424_125654,Crop___DIsease,1,1,5004220,1224185,0.1982,1.0,1.0,1.0,0.0,1.0
IMG_20190424_125705,Crop___DIsease,1,1,7106682,1466666,0.1507,1.0,1.0,1.0,0.0,1.0
IMG_20190424_125708,Crop___DIsease,2,2,2476900,1004110,0.1032,1.0,1.0,1.0,0.0,1.0
IMG_20190424_125722,Crop___DIsease,1,0,0,865425,0.1502,0.0,1.0,0.0,0.0,0.0
IMG_20190424_125742,Crop___DIsease,1,1,6150399,1146454,0.1837,1.0,1.0,1.0,0.0,1.0
IMG_20190424_125743,Crop___DIsease,1,1,2009280,840571,0.1426,1.0,1.0,1.0,0.0,1.0
IMG_20190424_125747,Crop___DIsease,1,1,3349880,496988,0.1206,1.0,1.0,1.0,0.0,1.0
IMG_20190424_125821,Crop___DIsease,2,2,1087777,257194,0.1952,1.0,1.0,1.0,0.0,1.0
IMG_20190424_125824,Crop___DIsease,1,1,1173550,296388,0.1956,1.0,1.0,1.0,0.0,1.0
IMG_20190424_125829,Crop___DIsease,1,0,0,426960,0.1418,0.0,1.0,0.0,0.0,0.0
IMG_20190424_125836,Crop___DIsease,1,0,0,943850,0.1427,0.0,1.0,0.0,0.0,0.0
IMG_20190424_125913,Crop___DIsease,1,0,0,676064,0.2124,0.0,1.0,0.0,0.0,0.0
IMG_20190424_125914,Crop___DIsease,1,0,0,520094,0.2004,0.0,1.0,0.0,0.0,0.0
IMG_20190424_125921,Crop___DIsease,1,0,0,570498,0.1621,0.0,1.0,0.0,0.0,0.0
IMG_20190424_125939,Crop___DIsease,2,2,1315942,430151,0.2537,1.0,1.0,1.0,0.0,1.0
IMG_20190424_130007,Crop___DIsease,2,2,6666726,802719,0.2374,1.0,1.0,1.0,0.0,1.0
IMG_20190424_130008,Crop___DIsease,1,0,0,898858,0.1864,0.0,1.0,0.0,0.0,0.0
IMG_20190424_130012,Crop___DIsease,2,2,5926498,1038224,0.1696,1.0,1.0,1.0,0.0,1.0
IMG_20190424_130014,Crop___DIsease,2,2,7911268,1555038,0.1597,1.0,1.0,1.0,0.0,1.0
IMG_20190424_130026,Crop___DIsease,3,3,1204056,447886,0.3289,1.0,1.0,1.0,0.0,1.0
IMG_20190424_130030,Crop___DIsease,2,2,1590562,463696,0.2236,1.0,1.0,1.0,0.0,1.0
IMG_20190424_130033,Crop___DIsease,1,0,0,402149,0.116,0.0,1.0,0.0,0.0,0.0
IMG_20190424_130044,Crop___DIsease,1,0,0,753805,0.1252,0.0,1.0,0.0,0.0,0.0
IMG_20190424_130047,Crop___DIsease,1,0,0,736402,0.1634,0.0,1.0,0.0,0.0,0.0
IMG_20190424_130105,Crop___DIsease,1,0,0,1007920,0.1307,0.0,1.0,0.0,0.0,0.0
IMG_20190424_130138,Crop___DIsease,1,0,0,438215,0.2466,0.0,1.0,0.0,0.0,0.0
IMG_20190424_130145,Crop___DIsease,1,0,0,421867,0.282,0.0,1.0,0.0,0.0,0.0
IMG_20190424_130156,Crop___DIsease,1,0,0,1026698,0.1876,0.0,1.0,0.0,0.0,0.0
IMG_20190424_130206,Crop___DIsease,1,0,0,451695,0.1612,0.0,1.0,0.0,0.0,0.0
IMG_20190424_130226,Crop___DIsease,1,0,0,775694,0.1417,0.0,1.0,0.0,0.0,0.0
IMG_20190424_130229,Crop___DIsease,1,0,0,1349511,0.2465,0.0,1.0,0.0,0.0,0.0
IMG_20190424_130250,Crop___DIsease,1,0,0,851554,0.1555,0.0,1.0,0.0,0.0,0.0
IMG_20190424_130350,Crop___DIsease,1,0,0,778633,0.1422,0.0,1.0,0.0,0.0,0.0
IMG_20190424_130408,Crop___DIsease,1,0,0,1111831,0.2031,0.0,1.0,0.0,0.0,0.0
IMG_20190424_130425,Crop___DIsease,1,0,0,852173,0.1373,0.0,1.0,0.0,0.0,0.0
IMG_20190424_130430,Crop___DIsease,1,0,0,1167533,0.238,0.0,1.0,0.0,0.0,0.0
IMG_20190424_130449,Crop___DIsease,1,0,0,650953,0.1249,0.0,1.0,0.0,0.0,0.0
IMG_20190424_130455,Crop___DIsease,1,0,0,498311,0.1768,0.0,1.0,0.0,0.0,0.0
IMG_20190424_130502,Crop___DIsease,2,2,3419132,532532,0.136,1.0,1.0,1.0,0.0,1.0
IMG_20190424_130516,Crop___DIsease,1,0,0,367236,0.2642,0.0,1.0,0.0,0.0,0.0
IMG_20190424_130517,Crop___DIsease,1,1,3365048,734248,0.2118,1.0,1.0,1.0,0.0,1.0
IMG_20190424_130519,Crop___DIsease,1,1,2408445,685819,0.2613,1.0,1.0,1.0,0.0,1.0
IMG_20190424_130522,Crop___DIsease,1,0,0,1439850,0.2304,0.0,1.0,0.0,0.0,0.0
IMG_20190424_130546,Crop___DIsease,1,0,0,534486,0.1485,0.0,1.0,0.0,0.0,0.0
IMG_20190424_130550,Crop___DIsease,1,0,0,725142,0.1937,0.0,1.0,0.0,0.0,0.0
IMG_20190424_130624,Crop___DIsease,2,2,2109487,534882,0.1651,1.0,1.0,1.0,0.0,1.0
IMG_20190424_130627,Crop___DIsease,2,2,1863186,671727,0.1839,1.0,1.0,1.0,0.0,1.0
IMG_20190424_130630,Crop___DIsease,1,0,0,422277,0.1512,0.0,1.0,0.0,0.0,0.0
IMG_20190424_130646,Crop___DIsease,1,0,0,839948,0.1549,0.0,1.0,0.0,0.0,0.0
IMG_20190424_130648,Crop___DIsease,1,0,0,1014762,0.165,0.0,1.0,0.0,0.0,0.0
IMG_20190424_130702,Crop___DIsease,1,0,0,244028,0.1167,0.0,1.0,0.0,0.0,0.0
IMG_20190424_130711,Crop___DIsease,1,0,0,216812,0.1019,0.0,1.0,0.0,0.0,0.0
IMG_20190424_130715,Crop___DIsease,1,0,0,315614,0.1263,0.0,1.0,0.0,0.0,0.0
IMG_20190424_130737,Crop___DIsease,1,0,0,862973,0.1617,0.0,1.0,0.0,0.0,0.0
IMG_20190424_130743,Crop___DIsease,1,0,0,571114,0.2206,0.0,1.0,0.0,0.0,0.0
IMG_20190424_130746,Crop___DIsease,1,0,0,907491,0.1178,0.0,1.0,0.0,0.0,0.0
IMG_20190424_130804,Crop___DIsease,1,0,0,735790,0.121,0.0,1.0,0.0,0.0,0.0
IMG_20190424_130808,Crop___DIsease,1,0,0,975894,0.1358,0.0,1.0,0.0,0.0,0.0
IMG_20190424_130828,Crop___DIsease,3,0,0,670478,0.1895,0.0,1.0,0.0,0.0,0.0
IMG_20190424_130829,Crop___DIsease,1,0,0,887857,0.1594,0.0,1.0,0.0,0.0,0.0
IMG_20190424_130833,Crop___DIsease,1,0,0,1106809,0.1931,0.0,1.0,0.0,0.0,0.0
IMG_20190424_130835,Crop___DIsease,1,0,0,785442,0.1908,0.0,1.0,0.0,0.0,0.0
IMG_20190424_130904,Crop___DIsease,1,0,0,965702,0.144,0.0,1.0,0.0,0.0,0.0
IMG_20190424_130924,Crop___DIsease,1,0,0,506470,0.21,0.0,1.0,0.0,0.0,0.0
IMG_20190424_130926,Crop___DIsease,1,0,0,665548,0.1779,0.0,1.0,0.0,0.0,0.0
IMG_20190424_130930,Crop___DIsease,1,0,0,809268,0.1968,0.0,1.0,0.0,0.0,0.0
IMG_20190424_130933,Crop___DIsease,1,1,2206126,375177,0.1478,1.0,1.0,1.0,0.0,1.0
IMG_20190424_130949,Crop___DIsease,1,0,0,1122339,0.1534,0.0,1.0,0.0,0.0,0.0
IMG_20190424_130954,Crop___DIsease,1,0,0,458823,0.2141,0.0,1.0,0.0,0.0,0.0
IMG_20190424_130957,Crop___DIsease,1,1,4387365,1413917,0.1452,1.0,1.0,1.0,0.0,1.0
IMG_20190424_131019,Crop___DIsease,1,0,0,617783,0.165,0.0,1.0,0.0,0.0,0.0
IMG_20190424_131020,Crop___DIsease,1,0,0,704567,0.1747,0.0,1.0,0.0,0.0,0.0
IMG_20190424_131040,Crop___DIsease,1,0,0,570158,0.1727,0.0,1.0,0.0,0.0,0.0
IMG_20190424_131042,Crop___DIsease,2,2,1187844,342790,0.2392,1.0,1.0,1.0,0.0,1.0
IMG_20190424_131045,Crop___DIsease,1,0,0,341791,0.1445,0.0,1.0,0.0,0.0,0.0
IMG_20190424_131056,Crop___DIsease,3,3,1288764,442315,0.1765,1.0,1.0,1.0,0.0,1.0
IMG_20190424_131058,Crop___DIsease,4,4,2028231,464461,0.1563,1.0,1.0,1.0,0.0,1.0
IMG_20190424_131059,Crop___DIsease,3,3,1977903,419740,0.1617,1.0,1.0,1.0,0.0,1.0
IMG_20190424_131101,Crop___DIsease,1,1,858423,183084,0.1693,1.0,1.0,1.0,0.0,1.0
IMG_20190424_131219,Crop___DIsease,3,3,2640549,455563,0.1414,1.0,1.0,1.0,0.0,1.0
IMG_20190424_131221,Crop___DIsease,2,2,5190879,845618,0.0869,1.0,1.0,1.0,0.0,1.0
IMG_20190424_131225,Crop___DIsease,2,2,6983060,954899,0.0981,1.0,1.0,1.0,0.0,1.0
IMG_20190424_131229,Crop___DIsease,1,1,4952297,930748,0.0956,1.0,1.0,1.0,0.0,1.0
IMG_20190424_131230,Crop___DIsease,1,1,5271997,993454,0.1021,1.0,1.0,1.0,0.0,1.0
IMG_20190424_131231,Crop___DIsease,1,0,0,616526,0.0633,0.0,1.0,0.0,0.0,0.0
IMG_20190424_131234,Crop___DIsease,1,1,4887123,862295,0.0886,1.0,1.0,1.0,0.0,1.0
IMG_20190424_131250,Crop___DIsease,1,0,0,789862,0.0811,0.0,1.0,0.0,0.0,0.0
IMG_20190424_131307,Crop___DIsease,2,2,3580680,169378,0.0365,1.0,1.0,1.0,0.0,1.0
IMG_20190424_131309,Crop___DIsease,3,3,2310344,417960,0.1081,1.0,1.0,1.0,0.0,1.0
IMG_20190424_131316,Crop___DIsease,1,0,0,471002,0.1106,0.0,1.0,0.0,0.0,0.0
IMG_20190424_131348,Crop___DIsease,1,0,0,607862,0.1034,0.0,1.0,0.0,0.0,0.0
IMG_20190424_131350,Crop___DIsease,1,0,0,561930,0.1324,0.0,1.0,0.0,0.0,0.0
IMG_20190424_131352,Crop___DIsease,1,0,0,322251,0.1362,0.0,1.0,0.0,0.0,0.0
IMG_20190424_131417,Crop___DIsease,1,0,0,948372,0.166,0.0,1.0,0.0,0.0,0.0
IMG_20190424_131429,Crop___DIsease,1,0,0,1344817,0.1382,0.0,1.0,0.0,0.0,0.0
IMG_20190424_131433,Crop___DIsease,1,0,0,788256,0.1707,0.0,1.0,0.0,0.0,0.0
IMG_20190424_131509,Crop___DIsease,1,0,0,883036,0.1132,0.0,1.0,0.0,0.0,0.0
IMG_20190424_131531,Crop___DIsease,1,0,0,525177,0.1215,0.0,1.0,0.0,0.0,0.0
IMG_20190424_131550,Crop___DIsease,1,0,0,357811,0.0702,0.0,1.0,0.0,0.0,0.0
IMG_20190424_131622,Crop___DIsease,2,2,1800291,317208,0.1421,1.0,1.0,1.0,0.0,1.0
IMG_20190424_131627,Crop___DIsease,2,2,957001,236833,0.1826,1.0,1.0,1.0,0.0,1.0
IMG_20190424_131655,Crop___DIsease,1,0,0,839671,0.1424,0.0,1.0,0.0,0.0,0.0
IMG_20190424_131656,Crop___DIsease,1,0,0,1156071,0.1188,0.0,1.0,0.0,0.0,0.0
IMG_20190424_131700,Crop___DIsease,1,0,0,642625,0.172,0.0,1.0,0.0,0.0,0.0
IMG_20190424_131722,Crop___DIsease,1,0,0,591380,0.1664,0.0,1.0,0.0,0.0,0.0
IMG_20190424_131723,Crop___DIsease,1,0,0,583113,0.1139,0.0,1.0,0.0,0.0,0.0
IMG_20190424_131754,Crop___DIsease,1,1,1716734,441542,0.2126,1.0,1.0,1.0,0.0,1.0
IMG_20190424_131757,Crop___DIsease,3,3,1146082,485172,0.1853,1.0,1.0,1.0,0.0,1.0
IMG_20190424_131758,Crop___DIsease,2,2,1737783,574529,0.1721,1.0,1.0,1.0,0.0,1.0
IMG_20190424_131800,Crop___DIsease,2,2,2289919,647720,0.28,1.0,1.0,1.0,0.0,1.0
IMG_20190424_131804,Crop___DIsease,3,3,2008256,526754,0.2598,1.0,1.0,1.0,0.0,1.0
IMG_20190424_131806,Crop___DIsease,2,2,1917418,571077,0.1867,1.0,1.0,1.0,0.0,1.0
IMG_20190424_131808,Crop___DIsease,2,2,2129319,394755,0.0989,1.0,1.0,1.0,0.0,1.0
IMG_20190424_131818,Crop___DIsease,1,1,1026201,415266,0.232,1.0,1.0,1.0,0.0,1.0
IMG_20190424_132002,Crop___DIsease,1,0,0,835342,0.1445,0.0,1.0,0.0,0.0,0.0
IMG_20190424_132014,Crop___DIsease,1,0,0,709077,0.1499,0.0,1.0,0.0,0.0,0.0
IMG_20190424_132018,Crop___DIsease,1,0,0,750987,0.1355,0.0,1.0,0.0,0.0,0.0
IMG_20190424_132022,Crop___DIsease,2,2,595566,8091,0.0062,1.0,1.0,1.0,0.0,1.0
IMG_20190424_132023,Crop___DIsease,2,2,1567440,589858,0.1545,1.0,1.0,1.0,0.0,1.0
IMG_20190424_132024,Crop___DIsease,3,3,1042515,503239,0.188,1.0,1.0,1.0,0.0,1.0
IMG_20190424_132127,Crop___DIsease,1,0,0,1014905,0.1994,0.0,1.0,0.0,0.0,0.0
IMG_20190424_132147,Crop___DIsease,1,0,0,377249,0.1601,0.0,1.0,0.0,0.0,0.0
IMG_20190424_132149,Crop___DIsease,1,0,0,422601,0.173,0.0,1.0,0.0,0.0,0.0
IMG_20190424_132156,Crop___DIsease,1,0,0,652322,0.1207,0.0,1.0,0.0,0.0,0.0
IMG_20190424_132227,Crop___DIsease,1,0,0,452237,0.1258,0.0,1.0,0.0,0.0,0.0
IMG_20190424_132255,Crop___DIsease,1,0,0,360811,0.1213,0.0,1.0,0.0,0.0,0.0
IMG_20190424_132258,Crop___DIsease,1,0,0,432089,0.1225,0.0,1.0,0.0,0.0,0.0
IMG_20190424_132316,Crop___DIsease,1,1,1621270,404404,0.1547,1.0,1.0,1.0,0.0,1.0
IMG_20190424_132317,Crop___DIsease,1,1,989248,249533,0.175,1.0,1.0,1.0,0.0,1.0
IMG_20190424_132330,Crop___DIsease,1,1,881368,251725,0.227,1.0,1.0,1.0,0.0,1.0
IMG_20190424_132331,Crop___DIsease,1,1,1165065,330685,0.205,1.0,1.0,1.0,0.0,1.0
IMG_20190424_132333,Crop___DIsease,2,2,1346687,269521,0.1252,1.0,1.0,1.0,0.0,1.0
IMG_20190424_132335,Crop___DIsease,2,2,1715773,267069,0.0993,1.0,1.0,1.0,0.0,1.0
IMG_20190424_132348,Crop___DIsease,1,1,3185708,531279,0.1461,1.0,1.0,1.0,0.0,1.0
IMG_20190424_132349,Crop___DIsease,2,2,1435564,319411,0.2275,1.0,1.0,1.0,0.0,1.0
IMG_20190424_132354,Crop___DIsease,1,1,1920270,323305,0.1271,1.0,1.0,1.0,0.0,1.0
IMG_20190424_132420,Crop___DIsease,1,1,1600522,343973,0.1596,1.0,1.0,1.0,0.0,1.0
IMG_20190424_132421,Crop___DIsease,1,1,1461200,437712,0.0862,1.0,1.0,1.0,0.0,1.0
IMG_20190424_132441,Crop___DIsease,1,0,0,455243,0.1192,0.0,1.0,0.0,0.0,0.0
IMG_20190424_132442,Crop___DIsease,1,0,0,595139,0.1052,0.0,1.0,0.0,0.0,0.0
IMG_20190424_132507,Crop___DIsease,1,0,0,384635,0.1114,0.0,1.0,0.0,0.0,0.0
IMG_20190424_133111,Crop___DIsease,1,0,0,487715,0.1345,0.0,1.0,0.0,0.0,0.0
IMG_20190424_133143,Crop___DIsease,1,0,0,655698,0.1764,0.0,1.0,0.0,0.0,0.0
IMG_20190424_133145,Crop___DIsease,1,0,0,574786,0.2109,0.0,1.0,0.0,0.0,0.0
IMG_20190424_133151,Crop___DIsease,1,0,0,1523971,0.1566,0.0,1.0,0.0,0.0,0.0
IMG_20190424_133531,Crop___DIsease,1,1,1577455,464031,0.1801,1.0,1.0,1.0,0.0,1.0
IMG_20190424_133532,Crop___DIsease,1,0,0,995337,0.1022,0.0,1.0,0.0,0.0,0.0
IMG_20190424_133537,Crop___DIsease,1,0,0,1016421,0.1044,0.0,1.0,0.0,0.0,0.0
IMG_20190424_133538,Crop___DIsease,1,1,4247724,610793,0.1203,1.0,1.0,1.0,0.0,1.0
IMG_20190424_133556,Crop___DIsease,1,0,0,835770,0.1464,0.0,1.0,0.0,0.0,0.0
IMG_20190424_133613,Crop___DIsease,1,0,0,1134981,0.1166,0.0,1.0,0.0,0.0,0.0
IMG_20190424_133624,Crop___DIsease,1,0,0,1494809,0.1536,0.0,1.0,0.0,0.0,0.0
IMG_20190424_133645,Crop___DIsease,1,0,0,641988,0.066,0.0,1.0,0.0,0.0,0.0
IMG_20190424_133656,Crop___DIsease,1,0,0,553406,0.1316,0.0,1.0,0.0,0.0,0.0
IMG_20190424_133722,Crop___DIsease,2,2,1671219,498975,0.2966,1.0,1.0,1.0,0.0,1.0
IMG_20190424_133725,Crop___DIsease,1,0,0,655593,0.1591,0.0,1.0,0.0,0.0,0.0
IMG_20190424_133741,Crop___DIsease,1,0,0,602782,0.1193,0.0,1.0,0.0,0.0,0.0
IMG_20190424_133742,Crop___DIsease,1,0,0,505017,0.1282,0.0,1.0,0.0,0.0,0.0
IMG_20190424_133820,Crop___DIsease,1,0,0,454508,0.1123,0.0,1.0,0.0,0.0,0.0
IMG_20190424_133821,Crop___DIsease,1,0,0,407891,0.1209,0.0,1.0,0.0,0.0,0.0
IMG_20190424_133823,Crop___DIsease,1,0,0,388527,0.1125,0.0,1.0,0.0,0.0,0.0
IMG_20190424_133836,Crop___DIsease,1,0,0,600734,0.1324,0.0,1.0,0.0,0.0,0.0
IMG_20190424_133840,Crop___DIsease,3,3,3658584,731991,0.1274,1.0,1.0,1.0,0.0,1.0
IMG_20190424_133841,Crop___DIsease,3,3,3156525,526999,0.1057,1.0,1.0,1.0,0.0,1.0
IMG_20190424_133847,Crop___DIsease,1,1,1996694,312086,0.0976,1.0,1.0,1.0,0.0,1.0
IMG_20190424_133916,Crop___DIsease,1,1,2011050,340836,0.0802,1.0,1.0,1.0,0.0,1.0
IMG_20190424_133917,Crop___DIsease,1,1,1275400,282170,0.084,1.0,1.0,1.0,0.0,1.0
IMG_20190424_133917_1,Crop___DIsease,1,1,720409,213687,0.113,1.0,1.0,1.0,0.0,1.0
IMG_20190424_133931,Crop___DIsease,2,2,1955302,329863,0.1315,1.0,1.0,1.0,0.0,1.0
IMG_20190424_133932,Crop___DIsease,2,2,3296616,436501,0.0995,1.0,1.0,1.0,0.0,1.0
IMG_20190424_133933,Crop___DIsease,2,2,1909050,310137,0.1179,1.0,1.0,1.0,0.0,1.0
IMG_20190424_133934,Crop___DIsease,1,1,2133568,336643,0.1026,1.0,1.0,1.0,0.0,1.0
IMG_20190424_133937,Crop___DIsease,2,2,1613760,346954,0.1292,1.0,1.0,1.0,0.0,1.0
IMG_20190424_133939,Crop___DIsease,2,2,1125878,273023,0.1472,1.0,1.0,1.0,0.0,1.0
IMG_20190424_133953,Crop___DIsease,4,4,2033331,601489,0.2024,1.0,1.0,1.0,0.0,1.0
IMG_20190424_133956,Crop___DIsease,2,2,2054292,582998,0.2449,1.0,1.0,1.0,0.0,1.0
IMG_20190424_134008,Crop___DIsease,1,0,0,346952,0.1743,0.0,1.0,0.0,0.0,0.0
IMG_20190424_134011,Crop___DIsease,2,2,1845731,460031,0.19,1.0,1.0,1.0,0.0,1.0
IMG_20190424_134013,Crop___DIsease,1,0,0,530054,0.1572,0.0,1.0,0.0,0.0,0.0
IMG_20190424_134025,Crop___DIsease,1,0,0,374223,0.1507,0.0,1.0,0.0,0.0,0.0
IMG_20190424_134046,Crop___DIsease,1,0,0,411493,0.1576,0.0,1.0,0.0,0.0,0.0
IMG_20190424_134049,Crop___DIsease,1,0,0,494196,0.1227,0.0,1.0,0.0,0.0,0.0
IMG_20190424_134050,Crop___DIsease,1,0,0,415591,0.1357,0.0,1.0,0.0,0.0,0.0
IMG_20190424_134124,Crop___DIsease,1,1,3290730,487843,0.0922,1.0,1.0,1.0,0.0,1.0
IMG_20190424_134125,Crop___DIsease,2,2,2205921,383055,0.1004,1.0,1.0,1.0,0.0,1.0
IMG_20190424_134126,Crop___DIsease,2,2,2136620,259535,0.0819,1.0,1.0,1.0,0.0,1.0
IMG_20190424_134128,Crop___DIsease,2,2,3359337,176903,0.0479,1.0,1.0,1.0,0.0,1.0
IMG_20190424_134129,Crop___DIsease,1,1,2926400,331578,0.0834,1.0,1.0,1.0,0.0,1.0
IMG_20190424_134130,Crop___DIsease,3,3,1569164,312408,0.1354,1.0,1.0,1.0,0.0,1.0
IMG_2980,Crop___DIsease,3,3,629599,82136,0.0232,1.0,1.0,1.0,0.0,1.0
IMG_2990,Crop___DIsease,2,2,2167847,187149,0.0529,1.0,1.0,1.0,0.0,1.0
IMG_2992,Crop___DIsease,3,3,842726,246416,0.0696,1.0,1.0,1.0,0.0,1.0
IMG_2993,Crop___DIsease,2,2,856920,243149,0.0687,1.0,1.0,1.0,0.0,1.0
IMG_2996,Crop___DIsease,1,0,0,359181,0.1015,0.0,1.0,0.0,0.0,0.0
IMG_2998,Crop___DIsease,4,4,1312255,597741,0.1689,1.0,1.0,1.0,0.0,1.0
IMG_2999,Crop___DIsease,3,3,1543047,581156,0.1643,1.0,1.0,1.0,0.0,1.0
IMG_3002,Crop___DIsease,2,2,1214285,620621,0.1754,1.0,1.0,1.0,0.0,1.0
IMG_3004,Crop___DIsease,2,2,2915167,493852,0.1396,1.0,1.0,1.0,0.0,1.0
IMG_3008,Crop___DIsease,2,2,1265194,309022,0.0873,1.0,1.0,1.0,0.0,1.0
IMG_3009,Crop___DIsease,2,2,1276195,111322,0.0315,1.0,1.0,1.0,0.0,1.0
IMG_3010,Crop___DIsease,2,2,1002591,66119,0.0187,1.0,1.0,1.0,0.0,1.0
IMG_3012,Crop___DIsease,2,2,5413824,115935,0.0328,1.0,1.0,1.0,0.0,1.0
IMG_3015,Crop___DIsease,2,2,1058031,122482,0.0346,1.0,1.0,1.0,0.0,1.0
IMG_3017,Crop___DIsease,2,2,865793,91177,0.0258,1.0,1.0,1.0,0.0,1.0
IMG_3018,Crop___DIsease,2,2,1000086,110575,0.0313,1.0,1.0,1.0,0.0,1.0
IMG_3020,Crop___DIsease,1,1,443901,44295,0.0125,1.0,1.0,1.0,0.0,1.0
IMG_3022,Crop___DIsease,3,3,1745295,22117,0.0063,1.0,1.0,1.0,0.0,1.0
IMG_3024,Crop___DIsease,2,2,2837595,64068,0.0181,1.0,1.0,1.0,0.0,1.0
IMG_3028,Crop___DIsease,1,0,0,91309,0.0258,0.0,1.0,0.0,0.0,0.0
IMG_3034,Crop___DIsease,1,0,0,178157,0.0504,0.0,1.0,0.0,0.0,0.0
IMG_3035,Crop___DIsease,1,0,0,171064,0.0483,0.0,1.0,0.0,0.0,0.0
IMG_3042,Crop___DIsease,2,2,1953945,290529,0.0821,1.0,1.0,1.0,0.0,1.0
IMG_3044,Crop___DIsease,2,2,1591523,282807,0.0799,1.0,1.0,1.0,0.0,1.0
IMG_3046,Crop___DIsease,2,2,1500026,209890,0.0593,1.0,1.0,1.0,0.0,1.0
IMG_3047,Crop___DIsease,2,2,2592784,201840,0.057,1.0,1.0,1.0,0.0,1.0
IMG_3048,Crop___DIsease,2,2,2634987,199903,0.0565,1.0,1.0,1.0,0.0,1.0
IMG_3050,Crop___DIsease,2,2,2290630,101583,0.0287,1.0,1.0,1.0,0.0,1.0
IMG_3052,Crop___DIsease,2,2,2720030,109923,0.0311,1.0,1.0,1.0,0.0,1.0
IMG_3055,Crop___DIsease,2,2,424376,213862,0.0604,1.0,1.0,1.0,0.0,1.0
IMG_3056,Crop___DIsease,2,2,440992,195321,0.0552,1.0,1.0,1.0,0.0,1.0
IMG_3057,Crop___DIsease,2,2,500565,89635,0.0253,1.0,1.0,1.0,0.0,1.0
IMG_3059,Crop___DIsease,1,1,488592,100237,0.0283,1.0,1.0,1.0,0.0,1.0
IMG_3064,Crop___DIsease,2,0,0,146932,0.0415,0.0,1.0,0.0,0.0,0.0
IMG_3065,Crop___DIsease,1,0,0,192842,0.0867,0.0,1.0,0.0,0.0,0.0
IMG_3066,Crop___DIsease,2,2,460950,145912,0.0412,1.0,1.0,1.0,0.0,1.0
IMG_3068,Crop___DIsease,3,3,3646356,256447,0.0725,1.0,1.0,1.0,0.0,1.0
IMG_3069,Crop___DIsease,2,2,796327,298801,0.0845,1.0,1.0,1.0,0.0,1.0
IMG_3072,Crop___DIsease,2,2,2374013,248863,0.0703,1.0,1.0,1.0,0.0,1.0
IMG_3073,Crop___DIsease,3,3,1179607,252601,0.0714,1.0,1.0,1.0,0.0,1.0
IMG_3077,Crop___DIsease,3,3,3612856,298059,0.0842,1.0,1.0,1.0,0.0,1.0
IMG_3081,Crop___DIsease,2,2,590092,222087,0.0628,1.0,1.0,1.0,0.0,1.0
IMG_3083,Crop___DIsease,2,2,3047812,271525,0.0767,1.0,1.0,1.0,0.0,1.0
IMG_3089,Crop___DIsease,2,2,1329836,209345,0.0592,1.0,1.0,1.0,0.0,1.0
IMG_3091,Crop___DIsease,2,2,1797150,166257,0.047,1.0,1.0,1.0,0.0,1.0
IMG_3092,Crop___DIsease,2,2,2802000,164217,0.0464,1.0,1.0,1.0,0.0,1.0
IMG_3094,Crop___DIsease,3,3,1010542,175236,0.0495,1.0,1.0,1.0,0.0,1.0
IMG_3101,Crop___DIsease,4,4,4302485,147851,0.0418,1.0,1.0,1.0,0.0,1.0
IMG_3103,Crop___DIsease,1,1,2263792,131260,0.0371,1.0,1.0,1.0,0.0,1.0
IMG_3104,Crop___DIsease,4,4,4574164,225237,0.0637,1.0,1.0,1.0,0.0,1.0
IMG_3106,Crop___DIsease,2,2,2262575,259295,0.0733,1.0,1.0,1.0,0.0,1.0
IMG_3114,Crop___DIsease,3,3,2006492,114164,0.0323,1.0,1.0,1.0,0.0,1.0
IMG_3119,Crop___DIsease,1,0,0,421146,0.1191,0.0,1.0,0.0,0.0,0.0
IMG_3123,Crop___DIsease,1,0,0,333321,0.0942,0.0,1.0,0.0,0.0,0.0
IMG_3126,Crop___DIsease,1,0,0,222801,0.063,0.0,1.0,0.0,0.0,0.0
IMG_3130,Crop___DIsease,1,0,0,220500,0.0623,0.0,1.0,0.0,0.0,0.0
IMG_3137,Crop___DIsease,1,0,0,201477,0.0569,0.0,1.0,0.0,0.0,0.0
IMG_3140,Crop___DIsease,1,0,0,207145,0.0585,0.0,1.0,0.0,0.0,0.0
IMG_3141,Crop___DIsease,1,0,0,231254,0.0654,0.0,1.0,0.0,0.0,0.0
IMG_3150,Crop___DIsease,4,4,3161877,286539,0.081,1.0,1.0,1.0,0.0,1.0
IMG_3153,Crop___DIsease,3,3,1462756,329241,0.0931,1.0,1.0,1.0,0.0,1.0
IMG_3156,Crop___DIsease,6,6,2456152,237477,0.0956,1.0,1.0,1.0,0.0,1.0
IMG_3160,Crop___DIsease,4,4,1532181,191350,0.0988,1.0,1.0,1.0,0.0,1.0
IMG_3161,Crop___DIsease,3,3,1441436,173014,0.0894,1.0,1.0,1.0,0.0,1.0
IMG_3162,Crop___DIsease,5,5,1370981,148826,0.0789,1.0,1.0,1.0,0.0,1.0
IMG_3165,Crop___DIsease,3,3,2471732,268622,0.0922,1.0,1.0,1.0,0.0,1.0
IMG_3167,Crop___DIsease,2,2,535647,66382,0.0249,1.0,1.0,1.0,0.0,1.0
IMG_3171,Crop___DIsease,2,2,1265123,64345,0.0441,1.0,1.0,1.0,0.0,1.0
IMG_3175,Crop___DIsease,2,2,560487,168628,0.0832,1.0,1.0,1.0,0.0,1.0
IMG_3176,Crop___DIsease,2,2,1325259,205669,0.0956,1.0,1.0,1.0,0.0,1.0
IMG_3177,Crop___DIsease,2,2,650803,130589,0.1981,1.0,1.0,1.0,0.0,1.0
IMG_3178,Crop___DIsease,2,2,774270,151762,0.0921,1.0,1.0,1.0,0.0,1.0
IMG_3179,Crop___DIsease,2,2,493810,128711,0.0982,1.0,1.0,1.0,0.0,1.0
IMG_3181,Crop___DIsease,4,4,821399,136389,0.0965,1.0,1.0,1.0,0.0,1.0
IMG_3182,Crop___DIsease,2,2,639210,111376,0.0854,1.0,1.0,1.0,0.0,1.0
IMG_3183,Crop___DIsease,2,2,946322,147844,0.0744,1.0,1.0,1.0,0.0,1.0
IMG_3188,Crop___DIsease,1,0,0,61150,0.0896,0.0,1.0,0.0,0.0,0.0
IMG_3190,Crop___DIsease,1,0,0,76147,0.0597,0.0,1.0,0.0,0.0,0.0
IMG_3191,Crop___DIsease,3,3,1221002,79974,0.0576,1.0,1.0,1.0,0.0,1.0
IMG_3193,Crop___DIsease,3,3,817985,100459,0.0853,1.0,1.0,1.0,0.0,1.0
IMG_3196,Crop___DIsease,1,0,0,98719,0.0748,0.0,1.0,0.0,0.0,0.0
IMG_3199,Crop___DIsease,2,2,297088,78119,0.0954,1.0,1.0,1.0,0.0,1.0
IMG_3201,Crop___DIsease,1,0,0,78032,0.0598,0.0,1.0,0.0,0.0,0.0
IMG_3204,Crop___DIsease,2,2,201381,157220,0.0738,1.0,1.0,1.0,0.0,1.0
IMG_3205,Crop___DIsease,2,2,550922,138394,0.0823,1.0,1.0,1.0,0.0,1.0
IMG_3214,Crop___DIsease,1,0,0,238380,0.0658,0.0,1.0,0.0,0.0,0.0
IMG_3219,Crop___DIsease,1,0,0,246780,0.0523,0.0,1.0,0.0,0.0,0.0
IMG_3220,Crop___DIsease,1,0,0,234310,0.0497,0.0,1.0,0.0,0.0,0.0
IMG_3224,Crop___DIsease,4,4,425243,109399,0.0961,1.0,1.0,1.0,0.0,1.0
IMG_3225,Crop___DIsease,4,4,420003,104552,0.0963,1.0,1.0,1.0,0.0,1.0
IMG_3226,Crop___DIsease,3,3,141473,121123,0.0793,1.0,1.0,1.0,0.0,1.0
IMG_3227,Crop___DIsease,5,5,634054,120171,0.1318,1.0,1.0,1.0,0.0,1.0
IMG_3229,Crop___DIsease,4,4,903593,138441,0.1011,1.0,1.0,1.0,0.0,1.0
IMG_3233,Crop___DIsease,1,0,0,297977,0.1791,0.0,1.0,0.0,0.0,0.0
IMG_3235,Crop___DIsease,1,0,0,349862,0.0742,0.0,1.0,0.0,0.0,0.0
IMG_3237,Crop___DIsease,1,0,0,106904,0.0815,0.0,1.0,0.0,0.0,0.0
IMG_3239,Crop___DIsease,4,4,901736,114710,0.0835,1.0,1.0,1.0,0.0,1.0
IMG_3241,Crop___DIsease,2,2,535194,72695,0.0943,1.0,1.0,1.0,0.0,1.0
IMG_3242,Crop___DIsease,4,4,967373,187763,0.1445,1.0,1.0,1.0,0.0,1.0
IMG_3244,Crop___DIsease,4,4,645829,155972,0.1773,1.0,1.0,1.0,0.0,1.0
IMG_3245,Crop___DIsease,4,4,528082,137034,0.1588,1.0,1.0,1.0,0.0,1.0
IMG_4764,Crop___DIsease,3,3,848361,442782,0.1836,1.0,1.0,1.0,0.0,1.0
IMG_4765,Crop___DIsease,2,2,3973939,1275460,0.1951,1.0,1.0,1.0,0.0,1.0
IMG_4766,Crop___DIsease,2,2,1391554,450583,0.2041,1.0,1.0,1.0,0.0,1.0
IMG_4767,Crop___DIsease,2,2,5249713,1849738,0.3686,1.0,1.0,1.0,0.0,1.0
IMG_4768,Crop___DIsease,2,2,3961878,1328006,0.2339,1.0,1.0,1.0,0.0,1.0
IMG_4769,Crop___DIsease,2,2,1720000,555182,0.2484,1.0,1.0,1.0,0.0,1.0
IMG_4771,Crop___DIsease,2,2,4586312,882184,0.1257,1.0,1.0,1.0,0.0,1.0
IMG_4831,Crop___DIsease,3,3,862056,853477,0.1539,1.0,1.0,1.0,0.0,1.0
IMG_4832,Crop___DIsease,3,3,840578,780810,0.1182,1.0,1.0,1.0,0.0,1.0
IMG_4834,Crop___DIsease,2,2,1519758,403589,0.0768,1.0,1.0,1.0,0.0,1.0
IMG_4837,Crop___DIsease,3,3,476005,129656,0.085,1.0,1.0,1.0,0.0,1.0
IMG_4838,Crop___DIsease,3,3,405540,83936,0.0564,1.0,1.0,1.0,0.0,1.0
IMG_4839,Crop___DIsease,2,2,1486780,284485,0.119,1.0,1.0,1.0,0.0,1.0
IMG_4840,Crop___DIsease,3,3,789154,452376,0.2608,1.0,1.0,1.0,0.0,1.0
IMG_4841,Crop___DIsease,2,2,2712564,623562,0.1762,1.0,1.0,1.0,0.0,1.0
IMG_4842,Crop___DIsease,3,3,6431235,1588625,0.1737,1.0,1.0,1.0,0.0,1.0
IMG_4843,Crop___DIsease,2,2,4793573,1340813,0.226,1.0,1.0,1.0,0.0,1.0
IMG_4848,Crop___DIsease,2,2,1328516,234734,0.0799,1.0,1.0,1.0,0.0,1.0
IMG_4851,Crop___DIsease,3,3,1422135,240423,0.1096,1.0,1.0,1.0,0.0,1.0
IMG_4852,Crop___DIsease,4,4,1725617,185114,0.1183,1.0,1.0,1.0,0.0,1.0
IMG_4853,Crop___DIsease,3,3,2383594,194416,0.1059,1.0,1.0,1.0,0.0,1.0
IMG_4854,Crop___DIsease,3,3,2726279,218348,0.1114,1.0,1.0,1.0,0.0,1.0
IMG_4855,Crop___DIsease,2,2,4350332,131009,0.0278,1.0,1.0,1.0,0.0,1.0
IMG_4857,Crop___DIsease,2,2,5082428,134038,0.0284,1.0,1.0,1.0,0.0,1.0
IMG_4859,Crop___DIsease,2,2,1500412,44203,0.0266,1.0,1.0,1.0,0.0,1.0
IMG_4860,Crop___DIsease,2,2,3760616,68913,0.0146,1.0,1.0,1.0,0.0,1.0
IMG_4861,Crop___DIsease,7,7,3063161,79829,0.0169,1.0,1.0,1.0,0.0,1.0
IMG_4862,Crop___DIsease,5,5,169787,58935,0.0818,1.0,1.0,1.0,0.0,1.0
IMG_4863,Crop___DIsease,6,6,370977,93548,0.0638,1.0,1.0,1.0,0.0,1.0
IMG_4864,Crop___DIsease,4,4,1049696,138222,0.0293,1.0,1.0,1.0,0.0,1.0
IMG_4865,Crop___DIsease,3,3,973617,88597,0.0237,1.0,1.0,1.0,0.0,1.0
IMG_4866,Crop___DIsease,5,5,2910572,125783,0.0337,1.0,1.0,1.0,0.0,1.0
IMG_4868,Crop___DIsease,2,2,1764622,135949,0.0364,1.0,1.0,1.0,0.0,1.0
IMG_4870,Crop___DIsease,2,2,4808253,81626,0.0173,1.0,1.0,1.0,0.0,1.0
IMG_4872,Crop___DIsease,2,2,2973747,61489,0.0165,1.0,1.0,1.0,0.0,1.0
IMG_4875,Crop___DIsease,3,3,1795610,103815,0.0585,1.0,1.0,1.0,0.0,1.0
IMG_4876,Crop___DIsease,2,2,523389,64346,0.0566,1.0,1.0,1.0,0.0,1.0
IMG_4878,Crop___DIsease,2,2,1105135,97380,0.0821,1.0,1.0,1.0,0.0,1.0
IMG_4879,Crop___DIsease,2,2,808584,97835,0.0587,1.0,1.0,1.0,0.0,1.0
IMG_4885,Crop___DIsease,2,2,508520,46286,0.037,1.0,1.0,1.0,0.0,1.0
IMG_4901,Crop___DIsease,2,2,3058555,65828,0.014,1.0,1.0,1.0,0.0,1.0
IMG_4904,Crop___DIsease,3,3,1982190,47426,0.0127,1.0,1.0,1.0,0.0,1.0
IMG_4905,Crop___DIsease,2,2,978541,49540,0.0133,1.0,1.0,1.0,0.0,1.0
IMG_4906,Crop___DIsease,2,2,1586204,119767,0.0321,1.0,1.0,1.0,0.0,1.0
IMG_4907,Crop___DIsease,2,2,2456371,96935,0.0205,1.0,1.0,1.0,0.0,1.0
IMG_4909,Crop___DIsease,2,2,2430180,57903,0.0155,1.0,1.0,1.0,0.0,1.0
IMG_4918,Crop___DIsease,2,2,279839,63333,0.0134,1.0,1.0,1.0,0.0,1.0
IMG_4920,Crop___DIsease,2,2,445096,58308,0.0124,1.0,1.0,1.0,0.0,1.0
IMG_4921,Crop___DIsease,2,2,517530,57532,0.0122,1.0,1.0,1.0,0.0,1.0
IMG_4923,Crop___DIsease,2,2,1851352,76390,0.0162,1.0,1.0,1.0,0.0,1.0
IMG_4924,Crop___DIsease,2,2,1449647,61535,0.0165,1.0,1.0,1.0,0.0,1.0
IMG_4926,Crop___DIsease,3,3,675378,44571,0.0635,1.0,1.0,1.0,0.0,1.0
IMG_4934,Crop___DIsease,2,2,2462518,61663,0.0131,1.0,1.0,1.0,0.0,1.0
IMG_4939,Crop___DIsease,3,3,307713,32827,0.0272,1.0,1.0,1.0,0.0,1.0
IMG_4940,Crop___DIsease,2,2,265295,35227,0.0289,1.0,1.0,1.0,0.0,1.0
IMG_4941,Crop___DIsease,3,3,350786,47796,0.0319,1.0,1.0,1.0,0.0,1.0
IMG_4942,Crop___DIsease,2,2,1436877,120706,0.0256,1.0,1.0,1.0,0.0,1.0
IMG_4947,Crop___DIsease,2,2,297958,110351,0.0597,1.0,1.0,1.0,0.0,1.0
IMG_4948,Crop___DIsease,2,2,340779,110427,0.0511,1.0,1.0,1.0,0.0,1.0
IMG_4952,Crop___DIsease,2,2,231594,73034,0.0601,1.0,1.0,1.0,0.0,1.0
IMG_4953,Crop___DIsease,2,2,100828,44226,0.0618,1.0,1.0,1.0,0.0,1.0
IMG_4954,Crop___DIsease,1,0,0,128768,0.0273,0.0,1.0,0.0,0.0,0.0
IMG_4955,Crop___DIsease,1,0,0,201591,0.0427,0.0,1.0,0.0,0.0,0.0
IMG_5480,Crop___DIsease,2,2,319319,131136,0.0956,1.0,1.0,1.0,0.0,1.0
IMG_5483,Crop___DIsease,2,2,3911294,1612463,0.2478,1.0,1.0,1.0,0.0,1.0
IMG_5484,Crop___DIsease,2,2,1618904,897286,0.2536,1.0,1.0,1.0,0.0,1.0
IMG_5486,Crop___DIsease,2,2,3339840,703572,0.1611,1.0,1.0,1.0,0.0,1.0
IMG_5487,Crop___DIsease,2,2,3907952,1151672,0.1892,1.0,1.0,1.0,0.0,1.0
IMG_5488,Crop___DIsease,3,3,3082902,745934,0.1994,1.0,1.0,1.0,0.0,1.0
IMG_5489,Crop___DIsease,2,2,3556867,1574366,0.424,1.0,1.0,1.0,0.0,1.0
IMG_5490,Crop___DIsease,2,2,969070,487608,0.4678,1.0,1.0,1.0,0.0,1.0
IMG_5491,Crop___DIsease,2,2,6019362,610393,0.0893,1.0,1.0,1.0,0.0,1.0
IMG_5494,Crop___DIsease,2,2,2613300,217095,0.1095,1.0,1.0,1.0,0.0,1.0
IMG_5495,Crop___DIsease,2,2,3759155,3419853,0.374,1.0,1.0,1.0,0.0,1.0
IMG_5496,Crop___DIsease,2,2,3803213,3430064,0.3751,1.0,1.0,1.0,0.0,1.0
IMG_5498,Crop___DIsease,3,3,2270989,977272,0.4367,1.0,1.0,1.0,0.0,1.0
IMG_5500,Crop___DIsease,2,2,3403346,547604,0.1496,1.0,1.0,1.0,0.0,1.0
IMG_5501,Crop___DIsease,2,2,946659,157301,0.1595,1.0,1.0,1.0,0.0,1.0
IMG_5503,Crop___DIsease,2,2,1936043,392021,0.1116,1.0,1.0,1.0,0.0,1.0
IMG_5504,Crop___DIsease,2,2,471790,119598,0.1548,1.0,1.0,1.0,0.0,1.0
IMG_5505,Crop___DIsease,2,2,433317,304505,0.1327,1.0,1.0,1.0,0.0,1.0
IMG_5507,Crop___DIsease,2,2,4060518,1778654,0.2527,1.0,1.0,1.0,0.0,1.0
IMG_5508,Crop___DIsease,2,2,1889566,1684537,0.2484,1.0,1.0,1.0,0.0,1.0
IMG_5509,Crop___DIsease,2,2,1387994,351545,0.1361,1.0,1.0,1.0,0.0,1.0
IMG_5510,Crop___DIsease,3,3,1242203,676888,0.1628,1.0,1.0,1.0,0.0,1.0
IMG_5511,Crop___DIsease,3,3,827283,235576,0.1493,1.0,1.0,1.0,0.0,1.0
IMG_5512,Crop___DIsease,2,2,1251740,279819,0.1309,1.0,1.0,1.0,0.0,1.0
IMG_5516,Crop___DIsease,2,2,875667,337189,0.1698,1.0,1.0,1.0,0.0,1.0
IMG_5517,Crop___DIsease,2,2,1630176,786886,0.1836,1.0,1.0,1.0,0.0,1.0
IMG_5518,Crop___DIsease,2,2,907746,354354,0.1443,1.0,1.0,1.0,0.0,1.0
IMG_5519,Crop___DIsease,2,2,1596395,497926,0.2438,1.0,1.0,1.0,0.0,1.0
IMG_5521,Crop___DIsease,2,2,3507338,803142,0.2271,1.0,1.0,1.0,0.0,1.0
IMG_5522,Crop___DIsease,2,2,1839562,651201,0.3385,1.0,1.0,1.0,0.0,1.0
IMG_5523,Crop___DIsease,2,2,1665764,543776,0.3258,1.0,1.0,1.0,0.0,1.0
IMG_5525,Crop___DIsease,3,3,2410925,421725,0.1681,1.0,1.0,1.0,0.0,1.0
loh(17),Crop___DIsease,2,0,0,21149716,0.8812,0.0,1.0,0.0,0.0,0.0
loh(18),Crop___DIsease,1,0,0,20470144,0.8529,0.0,1.0,0.0,0.0,0.0
loh(19),Crop___DIsease,4,0,0,17884118,0.7452,0.0,1.0,0.0,0.0,0.0
loh(2),Crop___DIsease,1,0,0,16506937,0.6878,0.0,1.0,0.0,0.0,0.0
loh(20),Crop___DIsease,2,0,0,19393433,0.8081,0.0,1.0,0.0,0.0,0.0
loh(21),Crop___DIsease,2,0,0,18036737,0.7515,0.0,1.0,0.0,0.0,0.0
loh(22),Crop___DIsease,1,0,0,15531825,0.6472,0.0,1.0,0.0,0.0,0.0
loh(23),Crop___DIsease,2,0,0,16463926,0.686,0.0,1.0,0.0,0.0,0.0
loh(24),Crop___DIsease,1,0,0,15830861,0.6596,0.0,1.0,0.0,0.0,0.0
loh(25),Crop___DIsease,3,0,0,21473280,0.8947,0.0,1.0,0.0,0.0,0.0
loh(26),Crop___DIsease,2,0,0,16202925,0.6751,0.0,1.0,0.0,0.0,0.0
loh(27),Crop___DIsease,1,0,0,12323692,0.5135,0.0,1.0,0.0,0.0,0.0
loh(28),Crop___DIsease,2,0,0,14273730,0.5947,0.0,1.0,0.0,0.0,0.0
loh(29),Crop___DIsease,2,0,0,18835046,0.7848,0.0,1.0,0.0,0.0,0.0
loh(3),Crop___DIsease,2,0,0,16921228,0.7051,0.0,1.0,0.0,0.0,0.0
loh(30),Crop___DIsease,1,0,0,19349163,0.8062,0.0,1.0,0.0,0.0,0.0
loh(31),Crop___DIsease,1,0,0,19900485,0.8292,0.0,1.0,0.0,0.0,0.0
loh(32),Crop___DIsease,2,0,0,16979937,0.7075,0.0,1.0,0.0,0.0,0.0
loh(33),Crop___DIsease,1,0,0,13578564,0.5658,0.0,1.0,0.0,0.0,0.0
loh(34),Crop___DIsease,2,0,0,18819333,0.7841,0.0,1.0,0.0,0.0,0.0
loh(35),Crop___DIsease,1,0,0,19760499,0.8234,0.0,1.0,0.0,0.0,0.0
loh(36),Crop___DIsease,1,0,0,14526326,0.6053,0.0,1.0,0.0,0.0,0.0
loh(37),Crop___DIsease,4,0,0,17079656,0.7117,0.0,1.0,0.0,0.0,0.0
loh(38),Crop___DIsease,1,0,0,22118475,0.9216,0.0,1.0,0.0,0.0,0.0
loh(39),Crop___DIsease,2,0,0,14658844,0.6108,0.0,1.0,0.0,0.0,0.0
loh(4),Crop___DIsease,4,0,0,20468006,0.8528,0.0,1.0,0.0,0.0,0.0
loh(40),Crop___DIsease,4,0,0,19677644,0.8199,0.0,1.0,0.0,0.0,0.0
loh(41),Crop___DIsease,2,0,0,13857515,0.5774,0.0,1.0,0.0,0.0,0.0
loh(42),Crop___DIsease,1,0,0,18131082,0.7555,0.0,1.0,0.0,0.0,0.0
loh(43),Crop___DIsease,1,0,0,15917715,0.6632,0.0,1.0,0.0,0.0,0.0
loh(44),Crop___DIsease,1,0,0,12510610,0.5213,0.0,1.0,0.0,0.0,0.0
loh(45),Crop___DIsease,2,0,0,10127850,0.422,0.0,1.0,0.0,0.0,0.0
loh(46),Crop___DIsease,2,0,0,16223722,0.676,0.0,1.0,0.0,0.0,0.0
loh(47),Crop___DIsease,3,0,0,22774782,0.9489,0.0,1.0,0.0,0.0,0.0
loh(48),Crop___DIsease,1,0,0,19234432,0.8014,0.0,1.0,0.0,0.0,0.0
loh(49),Crop___DIsease,2,0,0,15156817,0.6315,0.0,1.0,0.0,0.0,0.0
loh(5),Crop___DIsease,2,0,0,17846694,0.7436,0.0,1.0,0.0,0.0,0.0
loh(50),Crop___DIsease,1,0,0,7956333,0.3315,0.0,1.0,0.0,0.0,0.0
loh(51),Crop___DIsease,1,0,0,17545860,0.7311,0.0,1.0,0.0,0.0,0.0
loh(52),Crop___DIsease,1,0,0,21436244,0.8932,0.0,1.0,0.0,0.0,0.0
loh(53),Crop___DIsease,2,0,0,14851775,0.6188,0.0,1.0,0.0,0.0,0.0
loh(54),Crop___DIsease,1,0,0,11178906,0.4658,0.0,1.0,0.0,0.0,0.0
loh(55),Crop___DIsease,1,0,0,5641410,0.2351,0.0,1.0,0.0,0.0,0.0
loh(56),Crop___DIsease,1,0,0,5492945,0.2289,0.0,1.0,0.0,0.0,0.0
loh(57),Crop___DIsease,1,0,0,18460298,0.7692,0.0,1.0,0.0,0.0,0.0
loh(58),Crop___DIsease,2,0,0,19106186,0.7961,0.0,1.0,0.0,0.0,0.0
loh(59),Crop___DIsease,1,0,0,14254606,0.5939,0.0,1.0,0.0,0.0,0.0
loh(6),Crop___DIsease,2,0,0,8772215,0.3655,0.0,1.0,0.0,0.0,0.0
loh(60),Crop___DIsease,1,0,0,17090520,0.7121,0.0,1.0,0.0,0.0,0.0
loh(61),Crop___DIsease,1,0,0,19317987,0.8049,0.0,1.0,0.0,0.0,0.0
loh(62),Crop___DIsease,2,0,0,16536496,0.689,0.0,1.0,0.0,0.0,0.0
loh(63),Crop___DIsease,1,0,0,11149015,0.4645,0.0,1.0,0.0,0.0,0.0
loh(64),Crop___DIsease,2,0,0,17644031,0.7352,0.0,1.0,0.0,0.0,0.0
loh(65),Crop___DIsease,2,0,0,21820587,0.9092,0.0,1.0,0.0,0.0,0.0
loh(66),Crop___DIsease,2,0,0,21627215,0.9011,0.0,1.0,0.0,0.0,0.0
loh(67),Crop___DIsease,2,0,0,17833955,0.7431,0.0,1.0,0.0,0.0,0.0
loh(68),Crop___DIsease,2,0,0,20256780,0.844,0.0,1.0,0.0,0.0,0.0
loh(69),Crop___DIsease,1,0,0,19737404,0.8224,0.0,1.0,0.0,0.0,0.0
loh(7),Crop___DIsease,2,0,0,16735650,0.6973,0.0,1.0,0.0,0.0,0.0
loh(70),Crop___DIsease,3,0,0,14986846,0.6245,0.0,1.0,0.0,0.0,0.0
loh(71),Crop___DIsease,1,0,0,12649030,0.527,0.0,1.0,0.0,0.0,0.0
loh(72),Crop___DIsease,1,0,0,13329750,0.5554,0.0,1.0,0.0,0.0,0.0
loh(73),Crop___DIsease,2,0,0,3059298,0.1275,0.0,1.0,0.0,0.0,0.0
loh(74),Crop___DIsease,1,0,0,2208857,0.1574,0.0,1.0,0.0,0.0,0.0
loh(75),Crop___DIsease,1,0,0,2514425,0.1542,0.0,1.0,0.0,0.0,0.0
loh(76),Crop___DIsease,1,0,0,1834431,0.1294,0.0,1.0,0.0,0.0,0.0
loh(77),Crop___DIsease,1,0,0,2051652,0.0855,0.0,1.0,0.0,0.0,0.0
loh(78),Crop___DIsease,1,0,0,2365121,0.1491,0.0,1.0,0.0,0.0,0.0
loh(79),Crop___DIsease,1,0,0,1835439,0.1624,0.0,1.0,0.0,0.0,0.0
loh(8),Crop___DIsease,3,0,0,16149419,0.6729,0.0,1.0,0.0,0.0,0.0
loh(80),Crop___DIsease,1,0,0,1328455,0.0932,0.0,1.0,0.0,0.0,0.0
loh(81),Crop___DIsease,1,0,0,3338789,0.27,0.0,1.0,0.0,0.0,0.0
loh(82),Crop___DIsease,1,0,0,4124386,0.267,0.0,1.0,0.0,0.0,0.0
loh(83),Crop___DIsease,1,0,0,6303404,0.2626,0.0,1.0,0.0,0.0,0.0
loh(84),Crop___DIsease,1,0,0,11178906,0.4658,0.0,1.0,0.0,0.0,0.0
loh(85),Crop___DIsease,1,0,0,1457863,0.1564,0.0,1.0,0.0,0.0,0.0
loh(86),Crop___DIsease,1,0,0,1360437,0.1771,0.0,1.0,0.0,0.0,0.0
loh(87),Crop___DIsease,1,0,0,1284114,0.1573,0.0,1.0,0.0,0.0,0.0
loh(88),Crop___DIsease,2,0,0,2221291,0.1696,0.0,1.0,0.0,0.0,0.0
loh(89),Crop___DIsease,1,0,0,2056418,0.1366,0.0,1.0,0.0,0.0,0.0
loh(9),Crop___DIsease,3,0,0,20467195,0.8528,0.0,1.0,0.0,0.0,0.0
loh(90),Crop___DIsease,1,0,0,2541707,0.1544,0.0,1.0,0.0,0.0,0.0
loh(91),Crop___DIsease,2,0,0,1979944,0.1287,0.0,1.0,0.0,0.0,0.0
loh(92),Crop___DIsease,1,0,0,3052912,0.1966,0.0,1.0,0.0,0.0,0.0
loh(93),Crop___DIsease,1,0,0,1058638,0.159,0.0,1.0,0.0,0.0,0.0
loh(94),Crop___DIsease,1,0,0,1034442,0.1563,0.0,1.0,0.0,0.0,0.0
loh(95),Crop___DIsease,1,0,0,1212377,0.1667,0.0,1.0,0.0,0.0,0.0
loh(96),Crop___DIsease,1,0,0,1308577,0.1678,0.0,1.0,0.0,0.0,0.0
loh(97),Crop___DIsease,1,0,0,2440220,0.2643,0.0,1.0,0.0,0.0,0.0
loh(98),Crop___DIsease,1,0,0,3308695,0.1379,0.0,1.0,0.0,0.0,0.0
loh(99),Crop___DIsease,1,0,0,3498761,0.1458,0.0,1.0,0.0,0.0,0.0
motorbike_0007,Crop___DIsease,1,0,0,0,0.0,0,1.0,0.0,0.0,0.0
motorbike_0010,Crop___DIsease,1,0,0,0,0.0,0,1.0,0.0,0.0,0.0
motorbike_0013,Crop___DIsease,1,0,0,0,0.0,0,1.0,0.0,0.0,0.0
motorbike_0014,Crop___DIsease,1,0,0,0,0.0,0,1.0,0.0,0.0,0.0
motorbike_0015,Crop___DIsease,2,0,0,0,0.0,0,1.0,0.0,0.0,0.0
motorbike_0021,Crop___DIsease,1,0,0,0,0.0,0,1.0,0.0,0.0,0.0
motorbike_0022,Crop___DIsease,1,0,0,0,0.0,0,1.0,0.0,0.0,0.0
motorbike_0023,Crop___DIsease,1,0,0,0,0.0,0,1.0,0.0,0.0,0.0
motorbike_0024,Crop___DIsease,1,0,0,0,0.0,0,1.0,0.0,0.0,0.0
motorbike_0025,Crop___DIsease,2,0,0,151,0.0055,0.0,1.0,0.0,0.0,0.0
motorbike_0026,Crop___DIsease,1,0,0,0,0.0,0,1.0,0.0,0.0,0.0
motorbike_0027,Crop___DIsease,1,0,0,0,0.0,0,1.0,0.0,0.0,0.0
person_0000,Crop___DIsease,1,0,0,17,0.0003,0.0,1.0,0.0,0.0,0.0
person_0003,Crop___DIsease,1,0,0,852,0.013,0.0,1.0,0.0,0.0,0.0
person_0004,Crop___DIsease,1,0,0,0,0.0,0,1.0,0.0,0.0,0.0
person_0005,Crop___DIsease,1,0,0,21330,0.3255,0.0,1.0,0.0,0.0,0.0
person_0006,Crop___DIsease,1,0,0,3227,0.0492,0.0,1.0,0.0,0.0,0.0
person_0007,Crop___DIsease,1,0,0,340,0.0052,0.0,1.0,0.0,0.0,0.0
person_0008,Crop___DIsease,1,0,0,6786,0.1035,0.0,1.0,0.0,0.0,0.0
person_0009,Crop___DIsease,1,0,0,303,0.0046,0.0,1.0,0.0,0.0,0.0
person_0010,Crop___DIsease,1,0,0,68,0.001,0.0,1.0,0.0,0.0,0.0
person_0011,Crop___DIsease,2,0,0,0,0.0,0,1.0,0.0,0.0,0.0
person_0012,Crop___DIsease,1,0,0,4858,0.0741,0.0,1.0,0.0,0.0,0.0
person_0013,Crop___DIsease,1,0,0,276,0.0042,0.0,1.0,0.0,0.0,0.0
person_0014,Crop___DIsease,1,0,0,6417,0.0979,0.0,1.0,0.0,0.0,0.0
person_0015,Crop___DIsease,1,0,0,2491,0.038,0.0,1.0,0.0,0.0,0.0
person_0016,Crop___DIsease,1,0,0,375,0.0057,0.0,1.0,0.0,0.0,0.0
person_0017,Crop___DIsease,1,0,0,1358,0.0207,0.0,1.0,0.0,0.0,0.0
person_0018,Crop___DIsease,1,0,0,765,0.0117,0.0,1.0,0.0,0.0,0.0
person_0019,Crop___DIsease,1,0,0,2638,0.0403,0.0,1.0,0.0,0.0,0.0
person_0020,Crop___DIsease,1,0,0,89,0.0014,0.0,1.0,0.0,0.0,0.0
person_0021,Crop___DIsease,1,0,0,2760,0.0421,0.0,1.0,0.0,0.0,0.0
person_0022,Crop___DIsease,1,0,0,0,0.0,0,1.0,0.0,0.0,0.0
person_0023,Crop___DIsease,1,0,0,0,0.0,0,1.0,0.0,0.0,0.0
person_0024,Crop___DIsease,1,0,0,11832,0.1805,0.0,1.0,0.0,0.0,0.0
person_0025,Crop___DIsease,1,0,0,181,0.0028,0.0,1.0,0.0,0.0,0.0
person_0026,Crop___DIsease,1,0,0,0,0.0,0,1.0,0.0,0.0,0.0
person_0027,Crop___DIsease,1,0,0,0,0.0,0,1.0,0.0,0.0,0.0
person_0028,Crop___DIsease,1,0,0,4006,0.0611,0.0,1.0,0.0,0.0,0.0
person_0029,Crop___DIsease,1,0,0,93,0.0014,0.0,1.0,0.0,0.0,0.0
person_0030,Crop___DIsease,1,0,0,6264,0.0956,0.0,1.0,0.0,0.0,0.0
person_0031,Crop___DIsease,1,0,0,0,0.0,0,1.0,0.0,0.0,0.0
person_0032,Crop___DIsease,1,0,0,36,0.0005,0.0,1.0,0.0,0.0,0.0
person_0033,Crop___DIsease,1,0,0,2991,0.0456,0.0,1.0,0.0,0.0,0.0
person_0034,Crop___DIsease,1,0,0,1786,0.0273,0.0,1.0,0.0,0.0,0.0
person_0035,Crop___DIsease,1,0,0,54,0.0008,0.0,1.0,0.0,0.0,0.0
person_0036,Crop___DIsease,1,0,0,17,0.0003,0.0,1.0,0.0,0.0,0.0
person_0037,Crop___DIsease,1,0,0,275,0.0042,0.0,1.0,0.0,0.0,0.0
person_0038,Crop___DIsease,1,0,0,2074,0.0316,0.0,1.0,0.0,0.0,0.0
person_0039,Crop___DIsease,1,0,0,808,0.0123,0.0,1.0,0.0,0.0,0.0
person_0040,Crop___DIsease,1,0,0,0,0.0,0,1.0,0.0,0.0,0.0
person_0041,Crop___DIsease,1,0,0,2019,0.0308,0.0,1.0,0.0,0.0,0.0
person_0042,Crop___DIsease,1,0,0,3283,0.0501,0.0,1.0,0.0,0.0,0.0
person_0043,Crop___DIsease,1,0,0,0,0.0,0,1.0,0.0,0.0,0.0
person_0044,Crop___DIsease,1,0,0,2706,0.0413,0.0,1.0,0.0,0.0,0.0
person_0045,Crop___DIsease,2,0,0,267,0.0041,0.0,1.0,0.0,0.0,0.0
person_0046,Crop___DIsease,1,0,0,316,0.0048,0.0,1.0,0.0,0.0,0.0
person_0047,Crop___DIsease,1,0,0,5788,0.0883,0.0,1.0,0.0,0.0,0.0
person_0048,Crop___DIsease,1,0,0,1287,0.0196,0.0,1.0,0.0,0.0,0.0
person_0049,Crop___DIsease,1,0,0,32,0.0005,0.0,1.0,0.0,0.0,0.0
person_0050,Crop___DIsease,1,0,0,24,0.0004,0.0,1.0,0.0,0.0,0.0
person_0051,Crop___DIsease,1,0,0,0,0.0,0,1.0,0.0,0.0,0.0
person_0052,Crop___DIsease,1,0,0,27374,0.4177,0.0,1.0,0.0,0.0,0.0
person_0053,Crop___DIsease,1,0,0,4120,0.0629,0.0,1.0,0.0,0.0,0.0
person_0054,Crop___DIsease,1,0,0,49,0.0007,0.0,1.0,0.0,0.0,0.0
person_0055,Crop___DIsease,1,0,0,615,0.0094,0.0,1.0,0.0,0.0,0.0
person_0056,Crop___DIsease,1,0,0,2831,0.0432,0.0,1.0,0.0,0.0,0.0
person_0057,Crop___DIsease,1,0,0,1011,0.0154,0.0,1.0,0.0,0.0,0.0
person_0058,Crop___DIsease,1,0,0,18137,0.2767,0.0,1.0,0.0,0.0,0.0
person_0059,Crop___DIsease,1,0,0,525,0.008,0.0,1.0,0.0,0.0,0.0
person_0060,Crop___DIsease,1,0,0,279,0.0043,0.0,1.0,0.0,0.0,0.0
person_0061,Crop___DIsease,1,0,0,804,0.0123,0.0,1.0,0.0,0.0,0.0
person_0062,Crop___DIsease,2,0,0,1422,0.0217,0.0,1.0,0.0,0.0,0.0
person_0063,Crop___DIsease,1,0,0,0,0.0,0,1.0,0.0,0.0,0.0
person_0064,Crop___DIsease,1,0,0,6455,0.0985,0.0,1.0,0.0,0.0,0.0
person_0065,Crop___DIsease,1,0,0,0,0.0,0,1.0,0.0,0.0,0.0
person_0066,Crop___DIsease,1,0,0,16,0.0002,0.0,1.0,0.0,0.0,0.0
person_0067,Crop___DIsease,1,0,0,22094,0.3371,0.0,1.0,0.0,0.0,0.0
person_0068,Crop___DIsease,1,0,0,5169,0.0789,0.0,1.0,0.0,0.0,0.0
person_0069,Crop___DIsease,1,0,0,4137,0.0631,0.0,1.0,0.0,0.0,0.0
person_0070,Crop___DIsease,1,0,0,5478,0.0836,0.0,1.0,0.0,0.0,0.0
person_0071,Crop___DIsease,2,0,0,13999,0.2136,0.0,1.0,0.0,0.0,0.0
person_0072,Crop___DIsease,1,0,0,3042,0.0464,0.0,1.0,0.0,0.0,0.0
person_0073,Crop___DIsease,1,0,0,4891,0.0746,0.0,1.0,0.0,0.0,0.0
person_0074,Crop___DIsease,1,0,0,9772,0.1491,0.0,1.0,0.0,0.0,0.0
person_0075,Crop___DIsease,2,0,0,2034,0.031,0.0,1.0,0.0,0.0,0.0
person_0076,Crop___DIsease,1,0,0,0,0.0,0,1.0,0.0,0.0,0.0
person_0077,Crop___DIsease,2,0,0,4933,0.0753,0.0,1.0,0.0,0.0,0.0
person_0078,Crop___DIsease,1,0,0,10519,0.1605,0.0,1.0,0.0,0.0,0.0
person_0079,Crop___DIsease,1,0,0,967,0.0148,0.0,1.0,0.0,0.0,0.0
person_0080,Crop___DIsease,2,0,0,3951,0.0603,0.0,1.0,0.0,0.0,0.0
person_0081,Crop___DIsease,1,0,0,0,0.0,0,1.0,0.0,0.0,0.0
person_0082,Crop___DIsease,1,0,0,0,0.0,0,1.0,0.0,0.0,0.0
person_0083,Crop___DIsease,1,0,0,2989,0.0456,0.0,1.0,0.0,0.0,0.0
person_0084,Crop___DIsease,1,0,0,3879,0.0592,0.0,1.0,0.0,0.0,0.0
person_0085,Crop___DIsease,1,0,0,5103,0.0779,0.0,1.0,0.0,0.0,0.0
person_0086,Crop___DIsease,1,0,0,790,0.0121,0.0,1.0,0.0,0.0,0.0
person_0087,Crop___DIsease,2,0,0,8311,0.1268,0.0,1.0,0.0,0.0,0.0
person_0088,Crop___DIsease,1,0,0,726,0.0111,0.0,1.0,0.0,0.0,0.0
person_0089,Crop___DIsease,1,0,0,0,0.0,0,1.0,0.0,0.0,0.0
person_0090,Crop___DIsease,1,0,0,0,0.0,0,1.0,0.0,0.0,0.0
person_0091,Crop___DIsease,1,0,0,48,0.0007,0.0,1.0,0.0,0.0,0.0
person_0092,Crop___DIsease,1,0,0,1416,0.0216,0.0,1.0,0.0,0.0,0.0
person_0093,Crop___DIsease,1,0,0,989,0.0151,0.0,1.0,0.0,0.0,0.0
person_0094,Crop___DIsease,1,0,0,0,0.0,0,1.0,0.0,0.0,0.0
person_0095,Crop___DIsease,1,0,0,54,0.0008,0.0,1.0,0.0,0.0,0.0
person_0096,Crop___DIsease,1,0,0,0,0.0,0,1.0,0.0,0.0,0.0
person_0097,Crop___DIsease,1,0,0,671,0.0102,0.0,1.0,0.0,0.0,0.0
person_0098,Crop___DIsease,1,0,0,0,0.0,0,1.0,0.0,0.0,0.0
person_0099,Crop___DIsease,2,0,0,0,0.0,0,1.0,0.0,0.0,0.0
person_0100,Crop___DIsease,2,0,0,10330,0.1576,0.0,1.0,0.0,0.0,0.0
person_0101,Crop___DIsease,2,0,0,75,0.0011,0.0,1.0,0.0,0.0,0.0
person_0102,Crop___DIsease,2,0,0,68,0.001,0.0,1.0,0.0,0.0,0.0
person_0103,Crop___DIsease,1,0,0,20,0.0003,0.0,1.0,0.0,0.0,0.0
person_0104,Crop___DIsease,1,0,0,0,0.0,0,1.0,0.0,0.0,0.0
person_0105,Crop___DIsease,3,0,0,1466,0.0224,0.0,1.0,0.0,0.0,0.0
person_0106,Crop___DIsease,1,0,0,0,0.0,0,1.0,0.0,0.0,0.0
person_0107,Crop___DIsease,1,0,0,328,0.005,0.0,1.0,0.0,0.0,0.0
person_0108,Crop___DIsease,1,0,0,0,0.0,0,1.0,0.0,0.0,0.0
person_0109,Crop___DIsease,1,0,0,11113,0.1696,0.0,1.0,0.0,0.0,0.0
person_0110,Crop___DIsease,1,0,0,0,0.0,0,1.0,0.0,0.0,0.0
person_0111,Crop___DIsease,1,0,0,2191,0.0334,0.0,1.0,0.0,0.0,0.0
person_0112,Crop___DIsease,1,0,0,16640,0.2539,0.0,1.0,0.0,0.0,0.0
person_0113,Crop___DIsease,1,0,0,954,0.0146,0.0,1.0,0.0,0.0,0.0
person_0114,Crop___DIsease,1,0,0,7282,0.1111,0.0,1.0,0.0,0.0,0.0
person_0115,Crop___DIsease,1,0,0,10882,0.166,0.0,1.0,0.0,0.0,0.0
person_0116,Crop___DIsease,1,0,0,0,0.0,0,1.0,0.0,0.0,0.0
person_0117,Crop___DIsease,1,0,0,0,0.0,0,1.0,0.0,0.0,0.0
person_0118,Crop___DIsease,1,0,0,7661,0.1169,0.0,1.0,0.0,0.0,0.0
person_0119,Crop___DIsease,1,0,0,13984,0.2134,0.0,1.0,0.0,0.0,0.0
person_0120,Crop___DIsease,1,0,0,10136,0.1547,0.0,1.0,0.0,0.0,0.0
person_0121,Crop___DIsease,2,0,0,345,0.0053,0.0,1.0,0.0,0.0,0.0
person_0122,Crop___DIsease,1,0,0,5293,0.0808,0.0,1.0,0.0,0.0,0.0
person_0123,Crop___DIsease,1,0,0,4869,0.0743,0.0,1.0,0.0,0.0,0.0
person_0124,Crop___DIsease,1,0,0,1368,0.0209,0.0,1.0,0.0,0.0,0.0
person_0125,Crop___DIsease,2,0,0,11845,0.1807,0.0,1.0,0.0,0.0,0.0
person_0126,Crop___DIsease,1,0,0,2765,0.0422,0.0,1.0,0.0,0.0,0.0
person_0127,Crop___DIsease,1,0,0,7524,0.1148,0.0,1.0,0.0,0.0,0.0
person_0128,Crop___DIsease,1,0,0,405,0.0062,0.0,1.0,0.0,0.0,0.0
person_0129,Crop___DIsease,1,0,0,0,0.0,0,1.0,0.0,0.0,0.0
person_0130,Crop___DIsease,1,0,0,5321,0.0812,0.0,1.0,0.0,0.0,0.0
person_0131,Crop___DIsease,1,0,0,0,0.0,0,1.0,0.0,0.0,0.0
person_0132,Crop___DIsease,1,0,0,1275,0.0195,0.0,1.0,0.0,0.0,0.0
person_0133,Crop___DIsease,2,0,0,6671,0.1018,0.0,1.0,0.0,0.0,0.0
person_0134,Crop___DIsease,1,0,0,0,0.0,0,1.0,0.0,0.0,0.0
person_0135,Crop___DIsease,1,0,0,0,0.0,0,1.0,0.0,0.0,0.0
person_0136,Crop___DIsease,1,0,0,172,0.0026,0.0,1.0,0.0,0.0,0.0
person_0137,Crop___DIsease,1,0,0,27,0.0004,0.0,1.0,0.0,0.0,0.0
person_0138,Crop___DIsease,1,0,0,7565,0.1154,0.0,1.0,0.0,0.0,0.0
person_0139,Crop___DIsease,1,0,0,1380,0.0211,0.0,1.0,0.0,0.0,0.0
RS_Rust 2742_flipLR,Crop___DIsease,2,2,114206,32344,0.4935,1.0,1.0,1.0,0.0,1.0
RS_Rust 2743,Crop___DIsease,2,2,123165,39272,0.5992,1.0,1.0,1.0,0.0,1.0
RS_Rust 2743_flipLR(1),Crop___DIsease,2,2,123152,39216,0.5984,1.0,1.0,1.0,0.0,1.0
RS_Rust 2743_flipLR,Crop___DIsease,2,2,123152,39216,0.5984,1.0,1.0,1.0,0.0,1.0
RS_Rust 2744(1),Crop___DIsease,1,1,63750,32618,0.4977,1.0,1.0,1.0,0.0,1.0
RS_Rust 2744,Crop___DIsease,1,1,63750,32618,0.4977,1.0,1.0,1.0,0.0,1.0
RS_Rust 2744_flipLR,Crop___DIsease,1,1,63495,32527,0.4963,1.0,1.0,1.0,0.0,1.0
RS_Rust 2745(1),Crop___DIsease,2,2,120597,32488,0.4957,1.0,1.0,1.0,0.0,1.0
RS_Rust 2746,Crop___DIsease,2,2,121890,29962,0.4572,1.0,1.0,1.0,0.0,1.0
RS_Rust 2746_flipLR(1),Crop___DIsease,2,2,122145,29962,0.4572,1.0,1.0,1.0,0.0,1.0
RS_Rust 2746_flipLR,Crop___DIsease,2,2,122145,29962,0.4572,1.0,1.0,1.0,0.0,1.0
RS_Rust 2747(1),Crop___DIsease,2,2,126218,30551,0.4662,1.0,1.0,1.0,0.0,1.0
RS_Rust 2747,Crop___DIsease,2,2,126218,30551,0.4662,1.0,1.0,1.0,0.0,1.0
RS_Rust 2747_flipLR,Crop___DIsease,2,2,125970,30461,0.4648,1.0,1.0,1.0,0.0,1.0
RS_Rust 2748(1),Crop___DIsease,2,2,115426,23462,0.358,1.0,1.0,1.0,0.0,1.0
RS_Rust 2748,Crop___DIsease,2,2,115426,23462,0.358,1.0,1.0,1.0,0.0,1.0
RS_Rust 2748_flipLR(1),Crop___DIsease,2,2,115188,23411,0.3572,1.0,1.0,1.0,0.0,1.0
RS_Rust 2748_flipLR,Crop___DIsease,2,2,115188,23411,0.3572,1.0,1.0,1.0,0.0,1.0
RS_Rust 2749_flipLR(1),Crop___DIsease,2,2,122639,44438,0.6781,1.0,1.0,1.0,0.0,1.0
RS_Rust 2749_flipLR,Crop___DIsease,2,2,122639,44438,0.6781,1.0,1.0,1.0,0.0,1.0
RS_Rust 2750,Crop___DIsease,2,2,115770,29450,0.4494,1.0,1.0,1.0,0.0,1.0
RS_Rust 2750_flipLR(1),Crop___DIsease,2,2,115740,29414,0.4488,1.0,1.0,1.0,0.0,1.0
RS_Rust 2751_flipLR(1),Crop___DIsease,1,1,62496,17925,0.2735,1.0,1.0,1.0,0.0,1.0
RS_Rust 2751_flipLR,Crop___DIsease,1,1,62496,17925,0.2735,1.0,1.0,1.0,0.0,1.0
RS_Rust 2752(1),Crop___DIsease,1,1,62464,12817,0.1956,1.0,1.0,1.0,0.0,1.0
RS_Rust 2752,Crop___DIsease,1,1,62464,12817,0.1956,1.0,1.0,1.0,0.0,1.0
RS_Rust 2752_flipLR(1),Crop___DIsease,1,1,62464,12871,0.1964,1.0,1.0,1.0,0.0,1.0
RS_Rust 2752_flipLR,Crop___DIsease,1,1,62464,12871,0.1964,1.0,1.0,1.0,0.0,1.0
RS_Rust 2753(1),Crop___DIsease,1,1,61200,43978,0.6711,1.0,1.0,1.0,0.0,1.0
RS_Rust 2753,Crop___DIsease,1,1,61200,43978,0.6711,1.0,1.0,1.0,0.0,1.0
RS_Rust 2754(1),Crop___DIsease,2,2,118528,43597,0.6652,1.0,1.0,1.0,0.0,1.0
RS_Rust 2754_flipLR(1),Crop___DIsease,1,1,59925,43582,0.665,1.0,1.0,1.0,0.0,1.0
RS_Rust 2754_flipLR,Crop___DIsease,1,1,59925,43582,0.665,1.0,1.0,1.0,0.0,1.0
RS_Rust 2755(1),Crop___DIsease,1,1,62220,38429,0.5864,1.0,1.0,1.0,0.0,1.0
RS_Rust 2755,Crop___DIsease,1,1,62220,38429,0.5864,1.0,1.0,1.0,0.0,1.0
RS_Rust 2755_flipLR(1),Crop___DIsease,1,1,62475,38450,0.5867,1.0,1.0,1.0,0.0,1.0
RS_Rust 2755_flipLR,Crop___DIsease,1,1,62475,38450,0.5867,1.0,1.0,1.0,0.0,1.0
RS_Rust 2756(1),Crop___DIsease,2,2,115515,31092,0.4744,1.0,1.0,1.0,0.0,1.0
RS_Rust 2756,Crop___DIsease,2,2,115515,31092,0.4744,1.0,1.0,1.0,0.0,1.0
RS_Rust 2757,Crop___DIsease,2,2,123392,21036,0.321,1.0,1.0,1.0,0.0,1.0
RS_Rust 2757_flipLR(1),Crop___DIsease,2,2,122880,20992,0.3203,1.0,1.0,1.0,0.0,1.0
RS_Rust 2758,Crop___DIsease,2,2,113694,15095,0.2303,1.0,1.0,1.0,0.0,1.0
RS_Rust 2758_flipLR(1),Crop___DIsease,2,2,113461,15019,0.2292,1.0,1.0,1.0,0.0,1.0
RS_Rust 2759(1),Crop___DIsease,2,2,117531,31982,0.488,1.0,1.0,1.0,0.0,1.0
RS_Rust 2759,Crop___DIsease,2,2,117531,31982,0.488,1.0,1.0,1.0,0.0,1.0
RS_Rust 2759_flipLR(1),Crop___DIsease,2,2,116762,31978,0.4879,1.0,1.0,1.0,0.0,1.0
RS_Rust 2760(1),Crop___DIsease,1,1,65280,30146,0.46,1.0,1.0,1.0,0.0,1.0
RS_Rust 2760,Crop___DIsease,1,1,65280,30146,0.46,1.0,1.0,1.0,0.0,1.0
RS_Rust 2760_flipLR,Crop___DIsease,1,1,65280,30188,0.4606,1.0,1.0,1.0,0.0,1.0
RS_Rust 2761(1),Crop___DIsease,2,2,119850,24630,0.3758,1.0,1.0,1.0,0.0,1.0
RS_Rust 2761,Crop___DIsease,2,2,119850,24630,0.3758,1.0,1.0,1.0,0.0,1.0
RS_Rust 2762(1),Crop___DIsease,1,1,64512,24391,0.3722,1.0,1.0,1.0,0.0,1.0
RS_Rust 2762,Crop___DIsease,1,1,64512,24391,0.3722,1.0,1.0,1.0,0.0,1.0
RS_Rust 2762_flipLR(1),Crop___DIsease,1,1,64515,24379,0.372,1.0,1.0,1.0,0.0,1.0
RS_Rust 2763(1),Crop___DIsease,1,1,57120,40754,0.6219,1.0,1.0,1.0,0.0,1.0
RS_Rust 2763,Crop___DIsease,1,1,57120,40754,0.6219,1.0,1.0,1.0,0.0,1.0
RS_Rust 2763_flipLR,Crop___DIsease,1,1,57120,40747,0.6217,1.0,1.0,1.0,0.0,1.0
RS_Rust 2764,Crop___DIsease,1,1,60180,22153,0.338,1.0,1.0,1.0,0.0,1.0
RS_Rust 2764_flipLR(1),Crop___DIsease,1,1,58140,22104,0.3373,1.0,1.0,1.0,0.0,1.0
RS_Rust 2765(1),Crop___DIsease,2,2,120696,14592,0.2227,1.0,1.0,1.0,0.0,1.0
RS_Rust 2765,Crop___DIsease,2,2,120696,14592,0.2227,1.0,1.0,1.0,0.0,1.0
RS_Rust 2765_flipLR(1),Crop___DIsease,2,2,120428,14553,0.2221,1.0,1.0,1.0,0.0,1.0
RS_Rust 2766(1),Crop___DIsease,2,2,124416,46067,0.7029,1.0,1.0,1.0,0.0,1.0
RS_Rust 2766,Crop___DIsease,2,2,124416,46067,0.7029,1.0,1.0,1.0,0.0,1.0
RS_Rust 2766_flipLR(1),Crop___DIsease,2,2,124160,45990,0.7018,1.0,1.0,1.0,0.0,1.0
RS_Rust 2766_flipLR,Crop___DIsease,2,2,124160,45990,0.7018,1.0,1.0,1.0,0.0,1.0
RS_Rust 2767_flipLR(1),Crop___DIsease,2,2,121856,36591,0.5583,1.0,1.0,1.0,0.0,1.0
RS_Rust 2767_flipLR,Crop___DIsease,2,2,121856,36591,0.5583,1.0,1.0,1.0,0.0,1.0
RS_Rust 2768(1),Crop___DIsease,2,2,124683,35897,0.5477,1.0,1.0,1.0,0.0,1.0
RS_Rust 2768,Crop___DIsease,2,2,124683,35897,0.5477,1.0,1.0,1.0,0.0,1.0
RS_Rust 2769_flipLR(1),Crop___DIsease,1,1,64770,47652,0.7271,1.0,1.0,1.0,0.0,1.0
RS_Rust 2769_flipLR,Crop___DIsease,1,1,64770,47652,0.7271,1.0,1.0,1.0,0.0,1.0
Yellow_rust689,Crop___DIsease,3,3,1793,1008,1.0,1.0,1.0,1.0,0.0,1.0
Yellow_rust864,Crop___DIsease,1,1,12152,11871,0.9769,1.0,1.0,1.0,0.0,1.0
Yellow_rust866,Crop___DIsease,1,1,17391,15090,0.8539,1.0,1.0,1.0,0.0,1.0
Yellow_rust868,Crop___DIsease,1,1,16800,16302,0.9612,1.0,1.0,1.0,0.0,1.0
Yellow_rust876,Crop___DIsease,1,1,23664,22867,0.9663,1.0,1.0,1.0,0.0,1.0
Yellow_rust894,Crop___DIsease,2,2,40014,21672,1.0,1.0,1.0,1.0,0.0,1.0
Yellow_rust897,Crop___DIsease,1,1,14400,14338,0.9957,1.0,1.0,1.0,0.0,1.0
Yellow_rust906,Crop___DIsease,1,1,2329,2484,1.0,0.9376,1.0,0.9376006441223832,0.0,0.9376
Yellow_rust916,Crop___DIsease,1,1,17617,13256,0.7397,1.0,1.0,1.0,0.0,1.0
Yellow_rust933,Crop___DIsease,1,1,25389,25419,0.9868,0.9988,1.0,0.9988197804791691,0.0,0.9988
Yellow_rust934,Crop___DIsease,2,2,10850,12892,0.9948,0.8416,1.0,0.8416071982624883,0.0,0.8416
Yellow_rust935,Crop___DIsease,2,2,2226,1188,1.0,1.0,1.0,1.0,0.0,1.0
Yellow_rust936,Crop___DIsease,1,1,5472,7903,0.9699,0.6924,1.0,0.6923952929267366,0.0,0.6924
Yellow_rust937,Crop___DIsease,2,2,29896,14333,0.9495,1.0,1.0,1.0,0.0,1.0
Yellow_rust938,Crop___DIsease,1,1,25482,23729,0.8952,1.0,1.0,1.0,0.0,1.0
Yellow_rust939,Crop___DIsease,2,2,70310,32808,0.9309,1.0,1.0,1.0,0.0,1.0
Yellow_rust940,Crop___DIsease,1,1,4023,4200,1.0,0.9579,1.0,0.9578571428571429,0.0,0.9579
Yellow_rust941,Crop___DIsease,1,1,20905,18931,0.8928,1.0,1.0,1.0,0.0,1.0
Yellow_rust942,Crop___DIsease,1,1,22176,21651,0.9763,1.0,1.0,1.0,0.0,1.0
Yellow_rust943,Crop___DIsease,1,1,15120,15996,0.8415,0.9452,1.0,0.9452363090772693,0.0,0.9452
Yellow_rust944,Crop___DIsease,1,1,731,1281,0.7571,0.5706,1.0,0.570647931303669,0.0,0.5706
Yellow_rust945,Crop___DIsease,1,1,26208,26192,0.9994,1.0,1.0,1.0,0.0,1.0
Yellow_rust946,Crop___DIsease,1,1,13348,9630,0.7215,1.0,1.0,1.0,0.0,1.0
Yellow_rust947,Crop___DIsease,1,1,27125,26661,0.9265,1.0,1.0,1.0,0.0,1.0
Yellow_rust948,Crop___DIsease,1,1,6972,6251,0.8966,1.0,1.0,1.0,0.0,1.0
Yellow_rust949,Crop___DIsease,2,2,73216,34881,0.9528,1.0,1.0,1.0,0.0,1.0
Yellow_rust950,Crop___DIsease,1,1,62712,57239,0.9082,1.0,1.0,1.0,0.0,1.0
Yellow_rust951,Crop___DIsease,1,1,4692,3835,0.8173,1.0,1.0,1.0,0.0,1.0
Yellow_rust952,Crop___DIsease,1,1,19656,18980,0.9656,1.0,1.0,1.0,0.0,1.0
Yellow_rust953,Crop___DIsease,1,1,35733,29871,0.8265,1.0,1.0,1.0,0.0,1.0
Yellow_rust954,Crop___DIsease,1,1,29970,29620,0.9763,1.0,1.0,1.0,0.0,1.0
Yellow_rust955,Crop___DIsease,1,1,27735,27223,0.9695,1.0,1.0,1.0,0.0,1.0
Yellow_rust956,Crop___DIsease,2,2,3264,1590,0.9743,1.0,1.0,1.0,0.0,1.0
Yellow_rust957,Crop___DIsease,1,1,12213,12379,0.9919,0.9866,1.0,0.986590193068907,0.0,0.9866
Yellow_rust958,Crop___DIsease,1,1,19565,19225,0.9674,1.0,1.0,1.0,0.0,1.0
Yellow_rust959,Crop___DIsease,1,1,21754,20688,0.9447,1.0,1.0,1.0,0.0,1.0
Yellow_rust960,Crop___DIsease,1,1,51245,33388,0.6457,1.0,1.0,1.0,0.0,1.0
Yellow_rust961,Crop___DIsease,2,2,22800,11352,0.9958,1.0,1.0,1.0,0.0,1.0
Yellow_rust962,Crop___DIsease,1,1,9891,6898,0.6493,1.0,1.0,1.0,0.0,1.0
Yellow_rust963,Crop___DIsease,1,1,5166,5024,0.9573,1.0,1.0,1.0,0.0,1.0
Yellow_rust964,Crop___DIsease,1,1,10787,10835,0.9836,0.9956,1.0,0.9955699123211813,0.0,0.9956
Yellow_rust965,Crop___DIsease,1,1,16625,16657,0.9859,0.9981,1.0,0.9980788857537372,0.0,0.9981
Yellow_rust966,Crop___DIsease,1,1,13200,12310,0.9326,1.0,1.0,1.0,0.0,1.0
Yellow_rust967,Crop___DIsease,2,2,15483,9367,0.9757,1.0,1.0,1.0,0.0,1.0
Yellow_rust968,Crop___DIsease,2,2,16114,9005,0.9805,1.0,1.0,1.0,0.0,1.0
Yellow_rust969,Crop___DIsease,2,2,64896,28035,0.864,1.0,1.0,1.0,0.0,1.0
Yellow_rust970,Crop___DIsease,1,1,14964,14759,0.9787,1.0,1.0,1.0,0.0,1.0
Yellow_rust971,Crop___DIsease,1,1,10824,10540,0.9659,1.0,1.0,1.0,0.0,1.0
Yellow_rust972,Crop___DIsease,1,1,5460,5414,0.9916,1.0,1.0,1.0,0.0,1.0
Yellow_rust973,Crop___DIsease,1,1,77671,52816,0.6751,1.0,1.0,1.0,0.0,1.0
Yellow_rust974,Crop___DIsease,1,1,16351,15164,0.9117,1.0,1.0,1.0,0.0,1.0
Yellow_rust975,Crop___DIsease,1,1,13348,13314,0.9975,1.0,1.0,1.0,0.0,1.0
Yellow_rust976,Crop___DIsease,1,1,20884,20347,0.97,1.0,1.0,1.0,0.0,1.0
Yellow_rust977,Crop___DIsease,2,2,49056,24356,0.993,1.0,1.0,1.0,0.0,1.0
Yellow_rust978,Crop___DIsease,1,1,32076,27059,0.8436,1.0,1.0,1.0,0.0,1.0
Yellow_rust979,Crop___DIsease,1,1,31510,30974,0.9759,1.0,1.0,1.0,0.0,1.0
Yellow_rust980,Crop___DIsease,1,1,18288,14839,0.8114,1.0,1.0,1.0,0.0,1.0
Yellow_rust981,Crop___DIsease,2,2,14628,14038,0.9679,1.0,1.0,1.0,0.0,1.0
Yellow_rust982,Crop___DIsease,2,2,22572,10776,0.8164,1.0,1.0,1.0,0.0,1.0
Yellow_rust983,Crop___DIsease,1,1,10440,9684,0.9276,1.0,1.0,1.0,0.0,1.0
Yellow_rust984,Crop___DIsease,1,1,23114,22001,0.9444,1.0,1.0,1.0,0.0,1.0
Yellow_rust985,Crop___DIsease,1,1,21904,21667,0.9892,1.0,1.0,1.0,0.0,1.0
Yellow_rust986,Crop___DIsease,1,1,19040,18195,0.9556,1.0,1.0,1.0,0.0,1.0
Yellow_rust987,Crop___DIsease,1,1,11480,11077,0.9649,1.0,1.0,1.0,0.0,1.0
Yellow_rust988,Crop___DIsease,1,1,4940,4940,1.0,1.0,1.0,1.0,0.0,1.0
Yellow_rust989,Crop___DIsease,1,1,18236,16315,0.8947,1.0,1.0,1.0,0.0,1.0
Yellow_rust990,Crop___DIsease,1,1,6500,8640,1.0,0.7523,1.0,0.7523148148148148,0.0,0.7523
Yellow_rust991,Crop___DIsease,1,1,20520,19384,0.9446,1.0,1.0,1.0,0.0,1.0
Yellow_rust992,Crop___DIsease,2,2,6074,4185,0.94,1.0,1.0,1.0,0.0,1.0
Yellow_rust993,Crop___DIsease,1,1,16498,16370,0.9788,1.0,1.0,1.0,0.0,1.0
Yellow_rust994,Crop___DIsease,1,1,7104,7072,0.9955,1.0,1.0,1.0,0.0,1.0
Yellow_rust995,Crop___DIsease,1,1,14896,14720,0.9882,1.0,1.0,1.0,0.0,1.0
Yellow_rust996,Crop___DIsease,1,1,9398,9472,1.0,0.9922,1.0,0.9921875,0.0,0.9922
Yellow_rust997,Crop___DIsease,1,1,15168,14596,0.9623,1.0,1.0,1.0,0.0,1.0
Yellow_rust998,Crop___DIsease,2,2,35226,11875,0.6639,1.0,1.0,1.0,0.0,1.0
Yellow_rust999,Crop___DIsease,2,2,27328,12566,0.9196,1.0,1.0,1.0,0.0,1.0
